"Person","V1","V2","V3","V4","V5","V6","V7","V8","V9","V10","V11","V12","V13","V14","V15","V16","V17","V18","V19","V20","V21","V22","V23","V24","V25","V26","V27","V28","V29","V30","V31","V32","V33","V34","V35","V36","V37","V38","V39","V40","V41","V42","V43","V44","V45","V46","V47","V48","V49","V50","V51","V52","V53","V54","V55","V56","V57","V58","V59","V60"
"Person","I1","I2","I3","I4","I5","I6","I7","I8","I9","I10","I11","I12","I13","I14","I15","I16","I17","I18","I19","I20","I1","I2","I3","I4","I5","I6","I7","I8","I9","I10","I11","I12","I13","I14","I15","I16","I17","I18","I19","I20","I1","I2","I3","I4","I5","I6","I7","I8","I9","I10","I11","I12","I13","I14","I15","I16","I17","I18","I19","I20"
"Person","V1","V1","V1","V1","V1","V1","V1","V1","V1","V1","V1","V1","V1","V1","V1","V1","V1","V1","V1","V1","V2","V2","V2","V2","V2","V2","V2","V2","V2","V2","V2","V2","V2","V2","V2","V2","V2","V2","V2","V2","V3","V3","V3","V3","V3","V3","V3","V3","V3","V3","V3","V3","V3","V3","V3","V3","V3","V3","V3","V3"
"1","0.471583203427225","-2.25926800451976","0.982536681509996","1.64108963627359","-0.228227695611313","-2.52550856875594","0.479351902517214","-0.707432191666124","-1.45847878904783","-0.408417262013136","-0.477531428723045","0.263108903512879","-1.15011758500068","-0.414467309694873","-2.47776978693981","-2.81197483617899","-2.8936100749894","0.0740950867723765","-2.85558201859909","-2.18913021288096","-1.31179612686608","-0.302967806055752","2.13337055200972","-2.3821859266908","-1.17371237785954","-0.668844752232991","-0.63363020053612","-1.04498479253853","0.300705786456867","0.702495774698951","0.257864015307402","-1.38179160284516","0.171272923264754","-0.181263580835925","0.0759377588889467","-1.27672622434947","-1.74157387606711","-1.31517816190997","-1.08609643295803","-0.861732289734286","-1.68056910297192","-0.867268520221704","-2.04001496706539","-3.22849896224594","-1.27828678558923","-1.88590826439592","-1.10711307981937","-1.29864312327839","-1.02285657837679","-2.28047287516866","-3.05099220682161","-4.02968272727014","-1.57219179855644","-0.498977039749897","-2.39453538909004","-1.81062185753428","-2.29697480851384","-2.52077197162785","-1.44930057981079","-1.3997107150583"
"2","3.02962609571927","1.36223041391586","2.17639075233201","1.74072473843687","0.884510427438576","-0.605215584206669","1.95249635563129","1.98051172319969","1.6490731471473","0.731553890403739","2.20962720316359","1.78705771475319","-0.679199382000157","0.693913979178955","0.198984169000392","-0.19909058053324","0.431081307045289","3.05637077334364","1.06772974712123","0.501865271133365","0.440095691421054","-1.83775096238639","1.91437111129434","0.405170839648308","3.34908019210057","1.23407072085903","0.96109400090365","-1.17126360609447","0.36916581432965","1.15418269848216","1.93602744459052","-0.417932429646241","2.33766390129751","1.36905248255035","2.17433086416504","0.463492563158271","0.0145496314803768","0.324340905731244","1.51436973972822","-0.111312643040999","0.992458272639912","1.26563102544216","1.9140670201991","0.762662255737562","1.84262885175425","2.17649671873903","0.533402268450858","1.83329845502362","0.206187407853194","-1.66911682036027","-0.472066882995197","0.788255630033852","1.53651770743051","2.13377580902578","-0.102428744199188","1.68339105255944","0.064385288202215","0.230198206703815","1.97642955267753","2.33776656216562"
"3","1.55451847295333","1.12624733076758","2.07675691443856","-0.482589868798883","0.680457065980132","-0.887318078991984","0.635880423947787","1.67023833845234","0.545021784944209","0.863083427099369","0.254037760085389","1.16947842355295","-0.0500442456846085","1.0692830307374","0.675493133036542","-0.69669876727326","-0.0770990313420183","-0.0605366196906967","-1.68225603173733","-0.334887585686491","3.24563356600663","3.64690424646727","2.08523687267508","0.231920945042209","3.71406052219561","2.6337289179408","2.17218910571961","2.03838932448634","1.92963027643474","2.02263481141799","2.47235416413556","2.29239130953941","0.987931792512884","2.40947620942973","0.867262921292917","2.35843478714488","1.00419961442746","1.65577137829984","3.92455945478499","3.66500703244791","-1.31963830115296","1.25163330087536","-0.745854433883794","-1.09242185587796","-0.144190948941984","-1.50823320796369","-0.778873886791002","0.183592908592489","0.160430248923261","-1.30762278592203","-1.12597959873132","-0.847039110996866","0.735530600630897","1.06027678720616","-1.54632617929344","-0.479175820172794","-0.277855178847012","-0.799878182243137","0.681019052116261","-0.086084946105943"
"4","2.0244520390946","2.64924405568582","4.17198427157426","2.46991465926749","2.66053824123437","1.16433221452378","1.90543915442984","3.85492828731916","2.60380129630299","1.74298666877837","3.70471269495306","2.9179953001809","0.771604861029495","2.94212982984336","3.05903616721506","1.54935502441512","1.07654178119572","2.5960190203867","2.62878066198723","0.122525030006641","1.09438835394925","1.42833305878878","3.81701218055951","-0.44100232771388","1.33189708623329","3.38544898414304","1.65694012186237","-0.295530113248506","0.979810330668758","2.09743622542863","4.3046511347509","0.916699244489785","2.56816770153338","2.6755280099284","0.869425795135647","2.76011708888106","-0.534418037247796","2.85339460360878","2.46865725461825","3.1231432326995","1.29854639723199","1.67898875636324","-0.447938558863341","0.0190351048641395","-0.844181081335741","-0.545350026328035","-0.394141561528359","-0.191357739905439","-0.0552289021983638","-1.51876551838466","-1.98369263926268","-1.25542465236222","-0.0866551728541844","0.778904405397947","-0.264220425999577","-0.429151974817532","0.269912963311637","-1.54595066093541","1.19635329437853","-1.17756786844066"
"5","1.14950985473202","-0.153668859021111","1.57472066218607","1.97129870162203","0.345457986362137","-2.10832780133131","0.295978368522581","0.865951992373854","0.212500523437435","0.168844627045975","-0.0929707356466498","-0.224995884208878","-1.73373704390602","0.154651823719444","-0.364345711494116","-1.50463111513411","-0.316533736499879","1.08252497422112","-0.543516951931138","-0.868186867110858","0.130715667368206","0.526786248161238","-1.02379477080847","2.72910038658068","-0.259040861551999","2.42201280043588","0.319724583658303","-1.29869786159792","2.15633450098418","1.15233522814129","-0.527843687651581","0.16178915323907","-0.215533809216418","1.08358517662011","1.55472253347237","-0.216714784278359","-0.34420159691059","1.52311381628306","-1.93568362042548","-0.610141662905659","-0.845691182742833","1.06993222744593","-0.299647863717964","-1.40878616480285","0.0375949428396816","-0.933282977302624","0.151016525851357","0.366352559469316","-0.176981083268537","-0.933057437755395","-1.11141695927798","-0.127499065276214","0.431496092225273","0.366149784676291","-0.124259290297517","-0.41764125111305","-0.5343880799314","-3.43647205612621","0.91985053416651","-0.58526800211978"
"6","2.46546853078488","1.54103428830296","3.49880113975822","2.90108947211935","2.18313622495789","-1.03281200584992","2.03405876424453","1.52077455549007","1.14794101647588","1.68939745633532","0.626910038233719","1.43779304473519","0.320237483042033","0.704190844424975","0.372367581362598","0.226776496008793","1.43556720312589","1.48407836882596","-1.35432326020664","0.245004402181628","1.8238247551484","1.90795528729847","2.60172180119987","3.35464643676766","3.39448813787553","1.75076420842535","2.14403390780809","2.15111853356546","1.24222363273811","2.83248530017792","4.62889314246656","3.51586573906084","0.938841856279719","2.20758616069981","0.342637461872992","1.75426618829042","0.646790228413269","2.96421183062614","2.55781412068103","1.11448323254549","-0.309382665772328","0.3506541726106","-0.509369185838574","-0.032426380529688","-0.0465617730919817","-1.01104615758143","0.66798315224525","0.0390833652639726","-0.690952691497499","-1.35433599565525","-1.56173205489206","-2.14549356734966","0.167315978592281","0.660909794943332","-1.077328538539","0.972446061098084","-0.6449743510987","-2.34319237598391","1.82072012354864","-0.298973988929839"
"7","0.568799932145566","-0.0401231384188703","2.2287800374498","1.26145959950921","0.450154222092958","-1.78784411001503","0.587898212443853","3.22972811943913","0.662206138518898","1.66185467222612","1.14380559107734","1.92149001990685","0.864250020188923","-0.00168827283633455","1.29859967275494","0.0858518142377747","0.0852592236450068","2.17197354719458","-0.0731175149119226","-1.13118210657842","-0.214652038513575","1.91593624701087","0.00399614347011129","1.42521631949211","0.305171354178211","-1.83313481905652","-0.465447158797662","-0.950473708551913","-1.37811778702452","0.852160453148766","1.30631162079784","0.0486181010890915","0.193044458733734","0.0422741198019954","0.789387781725676","1.43254462722824","-0.814164554235837","2.42972110013214","1.49821101178237","-0.591168758703974","0.0923844273408274","1.41242400301943","1.05218887761531","-0.498049092863461","1.45592012960254","0.192587562504813","1.13924114520232","0.414673727303062","1.10059347817705","-1.96992616625722","-1.72012345813309","-1.26722938087102","1.14853115832918","0.810672374334592","1.1504450551556","0.106849494770728","0.00169574797041133","-1.92673473012918","2.23112044179421","1.60099577103628"
"8","-2.30154029635889","-3.51265484241014","-1.35914803719794","-2.19274880278922","-0.675057221649663","-5.42811011119827","-3.20136699407683","-2.37686788249492","-1.70610280445596","-2.63201863700504","-2.67589003613707","-1.49681219536985","-3.86699101056134","-2.46354926424385","-1.27826390082388","-5.06528951865231","-3.49706408666129","-2.05393080294676","-3.68157470986551","-3.36411118907474","-4.28411409795012","-5.26116763101899","-2.54531833089028","-3.74801240219469","-5.73821070367882","-2.32591997992929","-4.19929368098579","-4.76877925551147","-5.39198926835609","-1.90484005849178","-3.02619310764928","-3.21888491166647","-5.65672441669138","-4.18996568388636","-4.55527632334029","-4.52930513131108","-5.33149421144135","-3.73843594429996","-3.62701138224283","-1.72368796455601","-1.39189582098018","-0.227903653302468","-0.446734557486986","-1.68305148755148","-0.740369076520197","-1.08303490261748","-0.316737905502561","-0.972647528116688","-1.14287757333976","-2.46117966084325","-1.98770463803228","-0.912537712741533","-0.267614080209065","-0.0426879408139037","-1.23148831452377","-1.32842347354862","-1.5816239571855","-2.25036666406397","1.2871315550022","0.249689011619038"
"9","0.222754562050921","-0.287560836419636","1.65413982667022","1.40162055917748","2.47644034378031","-0.0317597767785915","0.492549551389347","1.55572127278809","1.55466790223691","1.37074377328431","-0.224678013599057","2.0971079216907","-0.387810581792113","0.779815549776871","1.31008508316047","-0.676128500850054","0.17705287079118","1.42469032591007","-0.287192027011346","-0.186235461797965","1.07535720587067","1.26867373423657","3.49576588598292","2.51617375601666","2.7042617829417","1.42675819144794","1.90301257936677","2.59877322645448","1.95001775156789","2.9888136430904","3.75570379670287","1.64818886893007","1.43127591291708","1.79624099786635","2.16696380885912","2.58286050978171","0.373066339087817","3.8553977489011","1.34807114918434","1.92971780198462","-1.81056657923825","0.294765039552518","-1.62659033371728","-0.659432758079836","-0.73089534115085","-0.66817566308681","-0.847231529115033","-0.961524726203434","-0.693474399751109","-2.56785848720156","-2.31460030674267","-2.33775104274737","-0.0667812329453697","0.405662756801823","-2.6982352824982","-0.30618921212058","-0.667157824434625","-1.46953713314919","0.649325859233172","0.505060833278227"
"10","1.02216619785749","-1.7517207132251","0.649997805169456","0.204309062419348","0.336758784325949","-1.28324603307456","0.553055632890643","1.1949107397886","0.70506279863852","-0.597235922777407","-0.129769674567471","1.61005902209497","-0.19662773148419","-0.792503886359535","0.105514362632871","-0.869452734692196","-0.587055955634431","0.556759029024924","-1.52293532562664","0.184508336978652","-0.64223346702435","-2.76570808144649","-2.3728746804662","-1.95835471139435","-3.03402700545738","-1.12077794916932","-6.0381061386405","-3.62413164632381","-3.03322126602364","-0.344803660885205","-2.2812227617125","-2.6879379526595","-0.118036492638634","-2.98672818545215","-2.26475060865994","-3.03422236203892","-0.0560862557834172","-0.690050673299504","-3.00824601925311","-3.68169097355824","2.41622556588005","2.32481209629452","2.27460436693422","1.81815316414777","1.5635232839734","1.01109292473866","1.58945311277254","2.97758806037897","0.726168637836459","1.60035195503727","0.308432651231751","0.726263511982477","1.7875109749615","3.48620879036273","0.968549890014955","2.16488112193948","1.51995655051221","1.23808523993841","3.07772734982313","2.02357474248386"
"11","-1.88319826411384","-2.25916131144394","0.155101947967585","-1.24092352600642","-1.2457723778909","-4.88577143906338","-2.09401171397444","-0.34097944569666","-1.57741875028412","-2.58139243466697","-0.816368722308572","-2.72180073444951","-3.72264386892354","-2.66002355728982","-2.42619979153797","-4.27662734280758","-3.64000507313569","-0.439756373475428","-2.59702969905572","-2.7053642777474","-2.78983701971388","-1.11513094790851","0.000600167803209817","-1.49633682620738","-1.47786454335747","0.205366449611194","-0.116260489828382","-1.82595555185738","-0.410799331015191","0.563382346502453","-1.78144770906155","-0.63327015491798","-0.325538666165355","-2.48557592267451","0.156720361097156","-0.324484496969758","-0.515147941294595","0.298948557694082","-1.00562366316454","0.825496989548598","-2.05422305655584","-0.336377509731721","-0.828220744461492","-1.91675114343463","-1.69981258482173","-1.75920572026005","-1.04667509988127","-1.09389982696721","0.0723368311789669","-1.29919729901474","-1.942259867889","-2.80017442299973","-0.992784921677234","-0.866570460159783","-1.55010549956011","-0.786406071334406","-0.688601699311513","-1.74571892542051","-0.158707075997902","-1.26628537076682"
"12","1.63646831152043","-0.769618712294825","0.559098384759236","0.990984819972188","0.49024961284804","-1.87647224014209","1.72106747970526","3.26702627882884","0.000620819275568008","0.58907024220868","-0.198953771808165","0.240366510848583","0.234239949871143","0.116230585225636","-0.874845494397816","-0.129692035539836","-0.0784418960916664","0.883586107586386","-1.34114490701051","-0.177947876704718","-0.795278937460223","-2.60782600791342","-2.23997607427521","-1.92949105419311","-1.89974298393863","1.81648040364905","0.581745533827374","-3.09889300872699","-1.91226568429766","-0.317870888755292","-0.114413433555144","-1.62075399264038","-1.13652578999564","-1.97514652096732","-1.70174003821293","-2.33832653391969","-1.77581698925072","-0.873965231145374","-0.478809889980924","-2.50703130739064","-0.670452937220716","0.700700648347417","-1.41361152397086","-1.39167856481067","-1.19961494408802","-0.0880446311556952","-0.756013022929731","-0.209339987562257","-0.944747757571746","-1.6033955310125","-2.87052524546502","-1.28296542134066","-0.85717983819033","0.123590816494699","-1.23457760329016","-1.80722057155199","-0.477642224677594","-1.87507709139415","-0.53907404495683","0.343595281053881"
"13","2.18397133393132","1.96341035173648","3.6280315799645","3.20415621658069","1.74521739249698","-1.22359474007856","1.75575548311217","2.2637690934848","2.80494035926849","1.20249575839274","2.70108259212925","1.96354196426083","-0.134232992324637","0.478914702684293","0.556956417320054","0.348305969913603","1.18497804366969","3.16893952583178","-0.831499067668941","-0.122540933224645","-0.762552145877517","0.254686739254463","-1.01723376297992","0.24063846183892","1.27593389498869","0.612663473325638","0.425800851387873","-0.072374399847256","-0.297605594518939","-0.000113137924437456","1.87108994727404","-1.44552964008541","-0.445387235910176","-0.714101493057898","-0.929537594243605","-1.26695982426237","-1.35757551001685","2.05324627204665","-0.571068086184465","-0.18446487383233","0.807194922092273","1.51574700508266","0.835042287602793","1.34697520934752","1.61011094239163","0.554134535626446","0.289046131056314","1.29370463612595","1.19277088991142","-0.374439313881123","-0.244792827207644","-0.608065458552216","1.6447437003787","1.20520758893345","1.6545266553824","0.672053994302723","0.731396736255173","0.369744914419954","1.59837359418232","0.97195988656573"
"14","4.11509076387363","2.22397803517938","4.6709291034566","2.8794958061613","3.04583443098821","2.0178126379732","4.22434266894845","5.57219735381118","3.2500140518419","3.64717503817732","2.98848362578651","2.83573755099537","3.19584005027117","2.77499148093339","3.40140361365773","1.57071320955432","3.86519347564262","4.2163573488425","-0.164560728156004","2.57828817926856","5.61604520731201","4.98907436416097","6.59205642097804","5.56353418541641","6.18856167717652","6.06154137556876","6.54935968182477","2.75285291616952","3.58052093682257","7.33475218160126","7.79111500095247","4.25011342575711","4.95104709535238","4.5697542962989","5.8998249749849","5.64758342563432","3.13978011249403","7.2072161162194","5.92548806282346","5.09811825475104","3.70864749127134","4.13760794720307","2.88573562554248","2.65262646997026","2.72922050241087","3.96864661099095","3.72553079822315","3.71059350658213","3.85342588152118","2.47995123789435","2.42038287211386","2.83372358096256","3.2327279445231","5.19066771527582","2.16839961975781","3.48636614955036","4.1809487420293","3.14561307299453","4.0752779959547","3.01134106854312"
"15","-0.440997749941862","-0.670622518546376","0.531619282498555","1.34586833876506","0.199421731769505","-2.7356219495018","-0.408333704234125","-1.09264750286021","0.322922108327508","-0.753062648992457","-0.624756758162221","-1.14693340110647","-1.33250936144501","0.236184186833928","0.429537956211568","-2.48083685966761","-0.591250230455901","-0.918892936522136","-1.90456023075055","-0.951696742539459","-0.431424584286644","-0.128841583652411","1.01728299048052","-2.34681253354296","-0.409903533229292","-0.0336707369911025","-0.572802421075984","0.292807491879938","0.147997922996507","1.1817101338733","0.415599184363143","0.137623098110752","1.95702819377625","-0.483505781788205","-0.20612725523457","-0.0409240968471723","0.652590226886497","1.80297625020787","-1.60788801034508","0.32365373920668","0.73047129489661","1.5289839437924","-0.191127423385417","1.5123593684003","0.0225476380659488","1.4809709700816","0.0560660624110823","1.07811988101913","0.208566656721596","-0.428309525820002","0.385272775609099","-1.45917037848608","0.600010669073918","1.24851800797041","0.478570840797922","0.880710700490658","0.0376455940445256","-1.23525539637298","2.0017248957164","1.37353803800517"
"16","1.73308058114622","1.17801795746418","2.304863169828","2.60892969718737","2.40871502327084","-0.400682679542948","1.16070172671525","2.98342065834308","2.21790378748619","1.14864287111258","1.86451727299504","2.19098051726882","1.28306863006743","2.45408912858786","1.11516978649669","0.509916027926525","0.651982919018302","2.75050274542004","0.432714860841953","-0.633143917566689","1.12184750311001","0.034547225302207","2.51873470642578","1.26627764239658","0.1703532462635","2.87157061935221","1.66635241210381","0.388519639434488","-1.35329451032646","2.16272469693181","2.62166045765434","2.58304919859736","1.03320258541981","-1.03436928452136","0.369021755937514","2.32691504974197","1.47371841526836","1.18353205424745","0.493718268562538","0.888055400639352","1.73446711509262","3.13528561200534","3.06192105263577","2.82957918045596","2.85475305683036","2.23714848791624","2.87637279887253","2.69185261992459","3.27917471158154","1.32808897816958","0.572595265387837","1.19071514250178","2.45422869234275","4.21434512751776","2.32923827993114","3.12968761927794","2.32996556247863","1.22119816324904","3.65282586058237","3.2442459898575"
"17","1.1214032705201","0.714054908755559","2.23620265167276","1.66442340246135","0.0202681319699933","-1.35734664595933","1.52512175267236","1.02740677929237","1.73543139159852","1.22921947135048","-0.0169300378904985","0.204104993566078","-0.734685721501569","1.81692176869681","1.28529491823261","-0.362777444122201","0.381234209610809","0.66101617319059","-2.23195843348871","1.40150844816188","-0.465787425736888","-0.797546355675641","-1.0869985711401","1.55315243783603","-1.34856857022775","-1.31288086265095","-3.41532665313618","0.813907307417666","-0.152094356953407","-0.410100458893608","-0.75707073405065","-0.741973229879187","0.867455696763354","-1.47236000624642","-2.11080096542349","-1.97110991265608","-0.164502101424382","-0.411987547849777","-0.41292691262523","-0.258653276643193","-0.40626671838205","0.0245439131060884","-0.526380905647638","-1.49330588024253","1.06601754835808","0.209586064375428","-0.602549695662661","-0.67380097937433","-0.733797034043759","-0.714388288555488","-1.51242058446404","-0.719456763200325","-0.798311481576178","0.457567213117399","-0.298380952804327","-0.923157065011739","-0.0347779366940141","-1.7861318667542","1.28692939601167","-0.174194570739532"
"18","2.1579132523057","1.83816094851744","1.38203771309394","0.0131509432257528","1.96975090862271","0.311883351872158","-0.119271441556878","3.84781691512428","0.574159162509257","1.01072337558726","2.06401900187993","1.58393744701952","-0.352335099325415","0.672784671812636","-0.155192539562492","-0.820335936368322","1.5837590813606","1.53305258121992","-0.204907969982335","1.04920220964071","1.86918804128565","1.58095137774385","2.86744564728748","1.06971659234157","3.31039928074426","2.41796441776134","3.47685894085116","1.05526732347601","2.69561274060117","1.87875224578402","2.99845040107476","4.469207067544","1.98506470449465","-0.355346023982012","0.77630850419334","3.27196183096258","1.93985655180477","3.06393775401514","2.33859697563501","2.2652808210954","0.595295297262124","1.51948675491497","-0.256058235892655","-0.725815289134868","1.32606142104347","-0.644273228693799","0.873898182995008","1.27227351591212","0.88400240756197","-0.649833675985303","-1.0686434556904","-0.598070721979738","1.29457012726632","1.40194107372388","0.701356897740965","1.4310564799746","0.783875993725581","-0.752785461448747","3.28516302541702","1.48738665291341"
"19","0.266911507527718","-1.1542404071289","1.59969970128567","-0.433310440208308","-1.49008089177884","-3.0612652836273","0.89866898289149","1.41149827230447","-0.731047181831948","1.409280730334","0.199620292290855","0.0381039228904005","-1.4082269179474","0.711949394005118","2.01963616763034","-0.569383005141591","0.16951996868599","1.86632523505085","-1.05908213483332","-0.699109872942743","-0.328099157778626","0.585827547069029","1.71076781722177","2.32781809108248","-0.160127996395145","1.48789767924551","0.680641656929256","0.464885460840197","1.21069203705174","1.50975431840769","1.21758537832656","1.17391357628541","0.923789772078582","-0.86354543999993","1.04275750088995","2.41896607932028","-0.331313365949335","0.34533758564196","1.19260833053916","1.16228530627926","1.44001024314709","3.98842333070793","2.66061486447329","2.28545200274904","2.15053707458637","1.35130337435049","2.25202855927891","1.74369381497662","2.2640440541951","1.5945623758011","-0.3819950855313","1.03108894989199","2.18726122910149","2.98482959129453","2.2679670908783","1.77727826705177","1.46753144256924","1.87154010070603","3.57214583536706","3.50955838625397"
"20","1.36561667018638","0.411713938765656","2.06299309825417","0.649846256748204","0.694196110947267","-0.171570017988724","-0.0925985390176262","0.619243757810943","0.571615492763184","0.468007262172652","-0.395047009685419","0.771207511430816","-0.182533912461641","0.775194605408902","-1.16005564913733","-1.19262557951268","0.428061923933256","0.208775517114678","0.216641508730586","0.505695121351846","0.833084022578059","-1.75818608662609","1.75533195387966","-1.32243055659138","2.31955514596609","0.467702790305887","0.109569772608296","-0.926848850669076","-0.793041851593124","1.71114406190758","0.350315137525016","1.05130036364592","1.26770376516471","0.41263520395965","0.687085669238423","1.2914109635621","-1.86100496060821","0.663612128521617","0.497673892162205","0.747984318456844","-0.618704381427268","2.5855812858495","1.85967912817258","0.937036966869508","0.978605211687422","0.523984518730718","1.08267233898856","2.00450447019528","1.34956041402711","0.225937963444347","-0.444430722143215","0.508693202690028","0.434173341379838","2.35586830133347","0.555981296022842","-0.00399809106703553","1.58601766593968","-0.230652806134378","2.50461211052639","1.64199395536849"
"21","-0.860595862433727","-0.0419704401420535","2.11986158062998","-0.0192858621982709","0.565481761215158","-2.24271700345103","0.387354169546304","0.25853974933485","0.0624178995260826","-0.701230983931385","0.866479447399468","0.180171582908018","-0.529431088922557","-0.731797547033004","0.70316168526576","0.679671024467186","0.361763476735673","0.294016499887542","-2.30209286363452","-0.846268025646391","2.36319555044791","-0.777729264887246","1.56110204035253","2.28781859115671","1.49899992468267","-0.361839111883667","0.689130790461546","-1.00329456135683","-0.574987520654298","-1.95388349966977","0.393510868521348","0.419029587831244","1.3837996532892","-1.61587741480672","-1.34061026890216","-1.20378937503196","0.538178356054677","-0.10291282208636","1.99703505166504","-0.421776487213202","0.863690407011598","2.64417459027637","1.87459606303575","1.89039872034935","0.49215280392546","1.49332907636484","0.752880204630511","1.52457053341477","0.51777809584385","0.128437247900273","-1.07599611182432","0.481609566025413","0.590848647398711","2.25170417961691","1.55286726567008","1.11121815753986","0.864176085925984","-0.100708503198432","2.11743728973122","2.46034265062155"
"22","5.18511147257551","3.54759289823396","4.69910550981994","5.80903309731904","4.70966887062099","1.1372747522081","1.61052161507267","3.83947715304204","3.88402783793522","2.56396297971823","2.97068151291905","3.87212237557362","1.33994546704224","3.72921796977751","3.3048980223313","0.183817474983532","2.16809387119988","4.89118003966009","-0.454005979189619","2.94518385246109","2.5775919149595","2.61744196078574","-0.410102135594133","3.1939087647405","2.15320074192629","1.66717132462109","3.27676788122925","-0.273299748311887","1.5875481118218","1.93695254570358","2.37544072152982","1.4683462214509","1.02254388856447","2.46785548363609","2.39680932749981","0.974350236415918","1.42753569145667","1.65320432866208","0.932354608037251","0.161030329195761","-1.03123480071504","0.0554665687745175","-0.841141405448188","0.690212078849272","-0.856856593170641","-1.06271875162384","-0.511508417056621","0.140745851116145","-0.657367560615631","-1.99472356851714","-0.808151083686876","-0.35615274089852","-0.555030453230817","1.26627329098297","-1.17576126371377","-0.265322020463901","-0.229221434450512","-1.42745986272204","-0.123518428645895","-1.81314053767527"
"23","1.31905697827863","-0.468965289369764","0.956075508559643","0.970864536287059","-0.457093050325928","-2.93557467654854","-0.634797113798631","0.368505735886836","-0.28976118352705","-0.791630788075267","-1.39203307757978","-0.488174393915652","-0.954648399468871","-0.290036755130284","0.269848153783696","-2.66272463901319","-1.48082697650108","0.0605752721998125","-2.89409085127062","-1.28139201483266","-1.79804682803586","-3.10852325449189","0.149649025970499","1.13239167373222","-0.370001956238328","-1.05033472330318","-1.56855239516487","-2.23407232678255","-1.99547130096634","0.352764577049256","-1.45821525807964","-1.33390073509224","0.260156346065625","-1.61392767600081","-0.876960046131547","-1.05947838733529","-1.26084815209607","-0.691238258474264","-0.106973122026863","-0.79017007789562","0.0215632848281214","0.990789116845316","0.513715976882423","-0.00800086521702695","1.9617881762136","0.482108900439218","-0.196985948097828","0.330515632026211","-0.315470430719636","-1.04060281925965","-0.784602142502022","-0.80159550160495","1.48066411080215","0.722805741238966","-0.166826832696154","-0.255241297584529","0.578675696660337","-1.20716352028094","1.64724839886059","-0.47667726670501"
"24","-0.405814601290667","-0.707842175403824","0.0818482528508307","0.269485675897864","-1.18417987355495","-2.64781150440479","-1.60139120806055","-1.03514187173332","-1.52953076635935","-1.42475716865381","-0.923432574768979","-0.562183021297643","-2.90120832933096","0.151171327577837","-0.882290678978553","-3.76240678799556","-2.44586389220402","-0.86275639202854","-1.61650413124157","-2.75449047073539","-2.50875119089809","-0.69013491063955","-1.44548367673478","-2.85404079888235","0.0992965500217411","-0.166885713297915","-1.48343968274035","-3.32216092857582","-2.25015213402353","0.156055925710729","-3.09833187702318","-3.11319687990217","-0.470717615378168","-1.5812347087708","-0.875984444804529","-2.08406848456847","-1.73954808014092","-1.73236523121429","-0.189969871766408","-0.482425517554319","2.06457114151203","1.95848644732943","1.04508933420745","0.74766276315889","0.238523895106973","0.743482610392923","1.44044418784691","1.95831927066234","1.51854640893469","0.266843509128971","-0.394422238282158","0.450691180342275","1.51585731775498","1.46993142390487","0.376955215483528","1.03208395707571","1.2126118992656","0.0488173251157978","3.64414824732694","2.87739255111822"
"25","-0.886814634873957","-1.19838171945675","1.24356668823028","0.354169639050507","1.49042925848447","-1.55733548936516","-0.418997102541498","1.38553670212676","-0.737669345243541","-0.606803561980941","0.522546987715776","-0.200816435537866","-1.31031320983777","0.163536447833529","0.12406373622916","-2.37963200268339","-0.388031817857355","0.580217576083963","-1.03959202849058","0.0941612137995069","-0.953489792948114","-1.84625407770067","-0.729392656738278","-0.00286818820846246","-1.47849928477612","-0.95669136227391","-0.61620291397194","-0.603791720067506","-0.025060227700437","0.411104224877613","0.596516886797782","-1.37964700915324","-2.17469562217438","-0.020852436425523","0.143302334369466","-2.1378816152676","-1.99783631169222","-0.506425755316606","-1.48699751762089","-1.98261838336587","-2.1289113257049","-0.561542106341928","-1.09588811542362","-2.09162554694265","-1.73229954859381","-0.892222759301309","-1.58888300188182","-1.02488631523883","-2.21540801043388","-2.67885435367535","-2.90269463169993","-2.31354041652016","-1.6991348334808","-0.075921567957902","-0.67350928132084","-0.939548528499302","-1.13467478811048","-2.08038718757157","-0.604072724434026","0.0583315028359459"
"26","1.74588821798449","0.89864611255054","1.50708397942273","1.87569800831597","1.22386710330964","0.666184074507876","0.902325501625716","1.49610377821349","1.22597985025737","-0.69089151889389","0.634406588459309","0.143209931506054","-0.975642276653973","-0.10333768347732","0.525728521172471","-0.542081501046973","1.21137695029691","1.64194548005199","-1.27229635690027","-0.936623220314713","1.21096324614103","1.01810678043611","1.19841947855105","0.253875065628351","1.7974279518795","1.33443460852337","1.06438874061037","-2.47224174959537","2.59748576202679","2.60024358308604","1.42161582674565","0.982925095105053","1.47243876979923","0.0851050453902725","-0.0706048246842312","2.33657225744187","1.05122839106701","1.41977905659997","0.826410584492519","1.75512130893142","-0.514031384868656","0.644752438460987","-0.942995907491475","-0.73858234797317","-0.426649521671782","-0.688495134841352","-0.65540960112558","0.454921200092892","-1.31912821838966","-1.13875340270425","-2.04188059351413","-0.794654202750476","-1.07925522246182","2.22396788320132","-0.247850461928593","-1.84826335099789","-0.380808026756647","-0.748585977996299","0.522197047458948","-0.402039694116234"
"27","0.309829719309378","-0.87048475282809","2.30434698141346","0.52519123051738","0.266159283110814","-1.06540270130071","-0.745773870807632","-0.316670158373268","-0.0181635112518743","-1.0015013208196","-1.13472690394931","-1.30383427833336","-1.10389569346777","0.60909738211546","-1.75808829342152","-2.41013165960023","-0.397861820499734","-0.501488864385987","-3.01321308876821","-0.64444884889352","0.338588207886491","-0.668638231848699","-0.155705695334669","-1.19483654565557","1.38923948580213","0.696220240780393","-0.544687822583336","-2.59355072638696","-0.226694343423331","1.81385487797696","0.00218892482674216","-0.903640961326573","1.50562965065021","-1.77665353373328","-0.932216151873646","-0.598117664644957","-1.15699111749984","0.452097955116671","-1.16824457171714","0.48159716393942","-2.74448408701004","-1.29840618682035","-2.41395191149986","-3.37590981095927","-2.48996733951605","-2.37059294758427","-1.12712423405457","-1.89003357733895","-2.53326716306981","-2.06766547149808","-3.56159265138295","-3.10654136389046","-2.4361840935787","-2.15464794168672","-1.3402592343792","-3.90074347297651","-1.97988362450123","-3.01101676283759","-1.33244559485905","-1.26384541946301"
"28","0.558898116730272","-0.833446003109782","-0.404982228902251","0.0443567459891612","-0.45104957504353","-3.39779828551392","0.054526869557032","-0.314016298692142","-1.49670410047581","-2.02860230940165","-0.941070010852049","-1.56554157588138","-1.78686634607735","-0.345640567487795","-0.585544864886532","-3.25254104982336","-3.52253498784619","-1.13429957082333","-2.14778436993791","-1.48092134756702","-3.27597253708883","-0.727016426762585","-1.74620782682887","-2.43323360495436","-1.32679719757535","-0.648525133941318","-1.56267242902504","-3.34850434724794","-3.3098458732034","-1.31146116223552","-0.0153701675014399","-1.32728446925481","-2.39911063991776","-1.8667381467765","-2.8802320205932","-0.454792446514406","-2.74008908381128","-2.11332038792215","-2.28601953315694","-1.59135749119368","-0.526984621414475","1.77604581306635","1.89044965611079","0.938223040191162","1.62566159019576","1.03654084439833","1.01131038133524","1.96662912958082","1.01178885062291","0.64834069274407","-0.042483514101016","0.779170737938084","1.01666450621945","3.20924886221632","-0.0116153630779483","0.332013422245817","1.35433614023229","0.272211466578489","2.44499640844622","1.66385215209297"
"29","1.46547867242356","1.32037887558346","1.43530361630894","0.131105011614743","0.71625808685631","-2.01939621324699","0.596781885917135","0.79761841267969","-0.0100487528453951","0.100037327928885","0.67643700545647","2.44301231897177","0.404733923767976","0.910712489597385","-1.12433635611619","-1.52493956003743","-0.402991286425591","2.37686196498893","-0.630412351977506","0.122465563921003","0.365351832135051","0.647035092308381","0.700262945841661","-0.756206281148977","0.259249338789245","1.93793353983608","2.64519140052871","-2.00734398842411","2.95318006992492","0.990603310894568","2.8324302921262","1.75690732578682","1.54142163478824","0.746895069595904","1.26436162816901","1.67297965527205","0.70758240074107","1.11242531545561","-0.0418821163769755","0.334302560309667","2.72656330117467","3.42218924380615","3.85465828668495","3.23440319036714","2.80514197874085","2.90854477525586","4.18176603819064","3.3124712056699","3.21476260122513","3.24566331420874","1.98746965359705","1.65869303456783","3.50178292346965","4.37126860195983","3.85257816960322","2.49667374017783","1.88355195752306","2.17117054248047","4.16598725840181","5.51965323775021"
"30","1.23584324074377","-0.424796688789619","1.00722943036566","-0.715186403423784","-0.298932960133128","-1.63609001106885","-0.878591276374658","1.05938846043803","-1.72292811995678","-0.57979461161948","0.340116880947323","-0.504862647484003","-0.217670101485825","0.102055694228507","0.229639422762114","-0.592118316034045","-1.00704313593194","-0.38440267932058","-1.07904624378318","-0.93940511316245","-1.79905825438835","-0.869253526310645","0.431872226486269","-2.66735673860983","-0.17429071134205","1.24833280363943","-1.51133330105966","-0.449864077895562","-1.16477057792068","0.411242927335872","0.178867622479092","0.339228779963114","0.108026787608244","0.69178535733934","-0.487969025490254","-1.6299472412364","-1.61454367049256","0.00256556645948253","-0.3401067753525","-0.904930769513511","-0.98098987110979","-1.54621803463538","-2.19363426627536","-1.86759031742108","-1.37207322418141","-1.72171154623891","-1.64895657611126","0.0620509673877936","-2.25377812792708","-2.52409027677153","-2.40002055941618","-3.27339391224405","-0.887805081512792","-0.654895474745054","-2.11544132632173","-2.18379070414368","-2.12896464387842","-2.04663270398187","-0.438947673614109","-0.19432391308688"
