"Person","Item","Residual","gcoef","dcoef"
0.666922543760274,0.23166706828012,0.712132975253598,0.918288428351351,0.894510596046838
0.921783266040797,0.351877134999291,0.783018653956037,0.933891334795233,0.906947495884453
0.773253752426965,0.294874104251628,0.770792596157461,0.923302980117959,0.896984398572774
0.660868563496065,0.428620013796907,0.674095997434936,0.921657908328751,0.877925487594045
0.956137548902718,0.200641602378777,0.708542496340157,0.941837853701493,0.926577062376535
0.812895736020957,0.0465963602818408,0.648046738641189,0.937704558911602,0.933523107995342
0.669692004153134,0.129422172514471,0.764128687591716,0.913171464359726,0.899936687760607
0.806377248769577,0.463089141207459,0.738987848493107,0.929049321105081,0.889500804287924
0.872617689966225,0.251787257904404,0.710292444166685,0.936477266954001,0.915854254884349
0.893969165253667,0.367403832852965,0.717989493866676,0.937269494646831,0.908118921104427
0.77057742607337,0.174379113658485,0.690262322675334,0.930537483638934,0.914489897279013
0.81127140869551,0.377906363152202,0.709501454815018,0.932071051295054,0.899524946409429
0.713925849484965,0.129433398526396,0.632077575222734,0.93128984959413,0.918368324742723
0.823741178592348,0.277153430530053,0.713477690724609,0.93268044357087,0.908911882674689
0.733792814308709,0.322560724359882,0.676011199983531,0.928702270784277,0.898147368831553
0.739615785358238,0.223919459941412,0.733324592105467,0.923681296908878,0.902646218396149
0.689568659054336,0.126093113489469,0.651607706391521,0.927002442354078,0.914090174486934
0.757947028507918,0.161661796562711,0.67878619127215,0.930552922327634,0.915412252171555
1.2810456110514,0.106503404220908,0.672978991681478,0.958058154149648,0.95174090136015
0.836859892106166,0.253995187258839,0.663508698655463,0.938023594662853,0.916284786703393
0.444399837023505,0.17326804477038,0.744762412430634,0.877457012935504,0.853134595360727
0.875710981624761,0.247995036920856,0.666684832139455,0.940342558421172,0.919927959211382
1.10057363547024,0.226343829045427,0.719370463482532,0.948344295682192,0.933177336203854
0.854891020616385,0.380438549794816,0.688665712100071,0.937092975798543,0.905621162860935
0.936546545410812,0.440375489322993,0.715654335159776,0.940133713332833,0.906731083757841
0.680789880867732,0.162885513311832,0.745250143218221,0.916402375534019,0.899958773987701
1.07825078346492,0.372424092248704,0.658769339802618,0.951553165238833,0.926186223326053
0.819256991025948,0.341822982466049,0.706025315311248,0.932996298946916,0.903680960643183
0.708544368383995,0.313183454345153,0.713222796856873,0.922608318035049,0.892285354481449
0.771216407838211,0.424820653303304,0.702162540937519,0.929478808288814,0.891443962801867
0.727513446850406,0.062828151947423,0.67220844777861,0.928506487049163,0.922343240713786
1.08927005434708,0.158721313634357,0.715523009569507,0.948100727108606,0.937309865899393
1.16487905510729,0.21158758502615,0.722303849328616,0.950866533161461,0.937375008491892
0.724881446109114,0.458671473231658,0.737268019524038,0.92186518638312,0.87913108731213
0.596216283448325,0.32522347384179,0.709000676908693,0.909837602306883,0.873702901356347
0.870972049361938,0.0560136812775165,0.687131598901359,0.938311861793336,0.93361698066861
0.835591072249423,0.301340264214237,0.712958765824748,0.933616821389741,0.908136669769721
1.04598208818842,0.294172595949909,0.651444432267827,0.950660220460825,0.929940812153398
0.821510396479524,0.278263268577434,0.694515364288477,0.934185629732815,0.910184903531837
0.778395861835223,0.434139475147816,0.701644913366607,0.930131717033338,0.891587779955157
0.740244840558268,0.257786572811596,0.721045909435723,0.924922208353752,0.900744752131069
0.754753259828872,0.127084202259918,0.663623966026431,0.931730586659197,0.919706695825576
0.868543398929167,0.0649730680727317,0.732184645479112,0.934360916126268,0.928950039566465
1.21841808277922,0.155337672147439,0.688597239148021,0.955021907888032,0.945429192635127
0.809550258152469,0.232197374750918,0.727053995767806,0.930369864739801,0.910130742988558
0.905157825029112,0.202687422584018,0.702151184506698,0.939281524816414,0.923101965093658
0.9312113051257,0.14950989385059,0.653603087451667,0.944741679031358,0.932949028206441
0.746960606149445,0.312466425324794,0.702361891654959,0.927336028829544,0.898297038249653
0.505802875562605,0.164463429578338,0.739305983648137,0.891421288717304,0.870397667538329
0.7347722462053,0.224942155185705,0.687183617910946,0.927698754107018,0.906250492848038
0.783712032520831,0.192414304359004,0.657374207888639,0.934667111299206,0.917128835163849
0.911159019634714,0.142929496752576,0.692059893013719,0.940472923600277,0.929051180803425
0.940295856023978,0.176197697908428,0.649471984771146,0.945573554563099,0.93181479188997
1.00520597250567,0.197371342517612,0.696113713947211,0.945439584954352,0.931036736589662
0.797511727273728,0.466934504269614,0.71388800142055,0.93058284644539,0.890165887455703
0.843501665491164,0.320770573575517,0.736194857681622,0.932199273242673,0.90545068341931
0.910969242745194,0.541989616264221,0.736099410379359,0.936911516637642,0.89532200304613
0.735295017906397,0.182247878066293,0.656987420864992,0.930701386451516,0.913147594318835
0.772677504962722,0.391546134454153,0.651353961500996,0.934362371106853,0.898895099652396
0.497402876469459,0.367748598128403,0.654605370123339,0.901168368519,0.853765354729627
0.643434844156182,0.103384589370686,0.713395391311976,0.915420500356055,0.90433589114142
0.944816315126664,0.23121366823263,0.733250414387009,0.939255437972258,0.921602689808968
0.650564902810091,0.153200863043569,0.71497539474294,0.916099974773409,0.899921527128548
0.984711540998356,0.165731181537952,0.683634415788319,0.945310003242959,0.932940784065832
0.602711398544545,0.180941187308061,0.665748442997259,0.915709749143374,0.895201645919995
0.786788928360023,0.225148688413149,0.696964642164822,0.931255182545206,0.911023672449175
0.687369533526732,0.117192055595921,0.704236789978187,0.921337802444485,0.909433160884233
0.698451900387486,0.295633013482891,0.757011197007885,0.91716182478633,0.888420952617635
0.681993470632713,0.187842275943594,0.681504164889092,0.923127870075953,0.903974296094892
0.843682993277332,0.242439350176504,0.669341917263851,0.937986791041333,0.917381011938522
0.95544212314411,0.227380713210976,0.695999161428679,0.942769367096714,0.92546587080258
0.763079699739359,0.135013390745227,0.65621085331367,0.933129555770974,0.920465432563272
0.638094357669409,0.232365414160117,0.682545580153228,0.918156841233688,0.893268038465154
0.657378518771729,0.205359514157103,0.663681071236596,0.922396662455199,0.900767071898375
0.834212689884047,0.269671834141402,0.737754518933092,0.931360861498498,0.908565228999668
0.904352698465061,0.240332767603276,0.73005737721348,0.936967785091099,0.917920906072229
0.752984750391625,0.209216457047524,0.723533560056481,0.925862529964916,0.906430882687164
0.634594612309348,0.138464347515692,0.760673070513206,0.909182131141155,0.89439645137436
0.822687507057011,0.394468877178204,0.717453179946981,0.932249925987707,0.898770517907959
0.891413683908655,0.143962800888344,0.725997616171591,0.936444012733632,0.924788961167985
0.725001666857714,0.302439208776195,0.70180292351996,0.925354590374897,0.896515353937446
1.0399765638831,0.18831786150737,0.776623546957679,0.941414944742068,0.928228650192672
0.704393633548128,0.185291915508619,0.680616105160681,0.925480040495589,0.907077771106527
0.734027544521094,0.151611930077501,0.611208219684363,0.935112723069495,0.920300058483473
0.866113662452408,0.221009577812828,0.666325925767013,0.939751843561056,0.921340382546654
0.549376603895188,0.359861464584179,0.757321203228305,0.896960864880905,0.855093921892957
0.829435717735858,0.129502134179481,0.70998987599712,0.933416925036186,0.922216831186471
1.1297173802554,0.412609535303259,0.700049258527972,0.950896678079227,0.924150350064472
0.886232455656609,0.262846377622283,0.643570868376563,0.942937550389509,0.921462523939642
0.778817964262086,0.237393891208766,0.7041360320883,0.929936375826749,0.908476883195403
0.931873864948872,0.243067303712714,0.664520883074007,0.943908122249602,0.924931134062145
0.714231836810734,0.150750903657473,0.679660168497384,0.926526737527636,0.91166960809171
0.878377527612317,0.177664503065709,0.722955108031599,0.935814263540129,0.921282422166662
0.921010926544001,0.201186938218018,0.709826031767322,0.939650687152053,0.923848366011067
0.718075060100652,0.453894916014266,0.730152499358894,0.921884204344498,0.87919052331745
0.695016095575652,0.385305117150404,0.692150141687174,0.923369814501942,0.885591900183887
0.893304252794604,0.558187727365182,0.680827267990964,0.940280815419839,0.89639187244106
0.841083465229832,0.377256658564478,0.648165435781852,0.939655957805787,0.9077727091424
0.99715028676251,0.356341242203239,0.65290436492109,0.948259015506567,0.922216432217761
0.857688260308179,0.316885734930277,0.621759903162015,0.943031077586376,0.916422972324925
0.876786802574777,0.184232756196552,0.691638767465245,0.938318575904776,0.923151052201156
0.787586492339906,0.320696710992185,0.726255454709699,0.928639626586267,0.90027117968832
0.911163387682365,0.275054683365944,0.690401687280535,0.940607349709294,0.918865237784861
1.0359531118236,0.123245936324955,0.720716833577899,0.945201613061791,0.936426566220511
0.829896540716997,0.0993947995199721,0.704797628542988,0.933905948372169,0.92528141823841
0.611252567281495,0.50712699055702,0.693514842699232,0.913618870350128,0.859338345809962
0.82440004288795,0.199967211610661,0.673278711234398,0.93627922932996,0.918888895016897
0.826944253112543,0.303183813119314,0.670794636737326,0.936682397644383,0.910622117229942
0.939424881658974,0.0993705101116003,0.678980681846605,0.943191417411421,0.935414310585664
0.863490811849992,0.194793694914123,0.690234059381643,0.937547382586967,0.921309305009882
0.896274736785064,0.219203331554242,0.738134297598666,0.935777724800321,0.918264534630694
0.517503430948913,0.103444511782448,0.646688469465626,0.905685581415864,0.892224969548487
0.771622528616585,0.241567202059239,0.665634500324626,0.932934260060179,0.910767092879703
0.842566135189568,0.323445700164142,0.686959592455608,0.936379394972794,0.909146010214194
0.638546047387977,0.141907883880173,0.699049375952083,0.916397673486133,0.901104687735536
0.646776503659782,0.227436136814931,0.751165557560203,0.911757180074941,0.888030814506505
0.877513923635243,0.343785650921255,0.741524465479654,0.934213559495541,0.906563449980455
0.752761723171927,0.337573429155267,0.696452545176207,0.928419150811699,0.897287289459391
0.899449681564331,0.367586929618418,0.707117897159964,0.938514235755791,0.909445931891229
0.618318363628239,0.288915236478136,0.65674738568647,0.918684841621063,0.886956602053852
0.74406895240629,0.263981930463642,0.731292409272566,0.924297791173907,0.899711393238218
0.944302523088199,0.164512559558978,0.69656549243365,0.942088946190883,0.929377622366232
0.564597596768868,0.431633427849009,0.683151068256785,0.908404189677372,0.858708395265845
0.937180679717705,0.407553040487748,0.617266120021486,0.947969019288349,0.916484376193649
0.750137403506112,0.218005405576304,0.711750703474347,0.926724860834064,0.906382217458022
1.02869076373369,0.136951335440552,0.709836604155275,0.9456235816386,0.935806004855103
0.6804123676553,0.208671477995728,0.737987302096771,0.917107420989286,0.896104083489439
0.842531383830894,0.479381163637695,0.68014817167267,0.936968017247701,0.897112776153431
1.00380729616322,0.305561834236863,0.702503429866792,0.944893873118303,0.922775827139242
0.579431901975597,0.223154623448409,0.667849346640949,0.912367599071499,0.886412193703241
0.742456428434436,0.387192792499205,0.729485311528244,0.924319104353315,0.888623497570764
1.00116915387756,0.33700660150869,0.666675876883795,0.947425964183302,0.922898704984371
0.979606643756992,0.184366712987345,0.737084221369341,0.940997218418488,0.927311626387639
0.730455539892364,0.310230858601513,0.718448340633653,0.924245593268256,0.894969991966552
0.953787972703078,0.144298478184611,0.717776167528927,0.940988038625519,0.929955513134735
0.697571543692824,0.316759392746743,0.718411165528557,0.920960518276688,0.889946060214567
0.629147831389092,0.332352484668177,0.722712960413512,0.912636554652768,0.877386968731252
0.549513280094599,0.190368772242987,0.669487469881083,0.90783039353974,0.884645231793169
0.794318013991286,0.150209979840086,0.691633137412252,0.932348357510495,0.918848007813634
0.815198333129824,0.338613098789106,0.613528023570954,0.940983700286304,0.911301015506564
0.704451325067382,0.215784103736941,0.686644225676037,0.924875305394722,0.903543891154373
0.95439520425174,0.34535955590785,0.793607946900319,0.935196371072721,0.909546240583328
0.9070672060691,0.179809157078423,0.730908875584723,0.93707586199721,0.922791222023312
0.940596530288487,0.191677252668276,0.691524981783228,0.94227036796513,0.927430068538566
0.718261389132799,0.226265521014069,0.743341737451409,0.920604170697786,0.898880680750253
0.845599956951228,0.229851455612861,0.686650253083039,0.936619920916034,0.917161382725209
0.764126316600858,0.18262192301133,0.686137280572921,0.930381348144205,0.91345532939251
0.757795074955606,0.276788083158365,0.693065198156724,0.929182273073708,0.903625629296408
0.886345760546398,0.0819391221440322,0.672217162690877,0.940555766810451,0.933789634465757
0.720556318058687,0.156190702224286,0.728570730750637,0.922287832425226,0.907174394606154
0.735730435932708,0.24163330308385,0.670469772476207,0.929418550839382,0.906363267951403
0.938188888603171,0.190056687177744,0.662924449361709,0.944391089522837,0.929571159748286
0.985559808180374,0.234531061177211,0.750634833173216,0.940318534341553,0.923105303975288
1.06524872964221,0.318685978126378,0.663294959686779,0.950670745088886,0.928660851056428
0.752615461820159,0.292510347581478,0.7341174446699,0.924825434421159,0.897929366550802
0.756894920965083,0.327665421272321,0.722603316625184,0.926305141677844,0.896351728951789
0.703966451039412,0.480007367904252,0.685753064013856,0.924917688664277,0.878735354411229
0.76803802639023,0.247801569500085,0.670854261246864,0.9321499758747,0.909359085781806
0.790223261629263,0.232649278732072,0.729499971558756,0.928565689690545,0.907882713398474
0.901098271382168,0.522946874955164,0.741399504720604,0.935835003591532,0.895314121637658
0.764354158441409,0.188994048143931,0.735834302681956,0.925733947397574,0.908406340157713
1.00530983254292,0.61515831904736,0.690073568307247,0.945892673161191,0.902368405949728
0.752863368826728,0.408109431477282,0.647771291870636,0.933096211583207,0.895356244937273
0.912716243592567,0.242349002197403,0.730353821902475,0.937485489507585,0.918433665580602
0.680007307137651,0.277398213208934,0.691041447102862,0.921926181763005,0.893910636008555
1.18106335336933,0.332485948162827,0.702830040936234,0.952752796518164,0.931923277246028
0.825825481586975,0.245201451921402,0.684180006718896,0.935418683541494,0.914258065289644
0.563654553506842,0.347214744184519,0.691627844512428,0.907232315848636,0.866861092008151
0.668387147867091,0.191433930373044,0.708529910682586,0.918831979531241,0.899114087506322
0.69968882668673,0.243499576435696,0.687446385025321,0.924320986627154,0.900190327691884
0.750452422242921,0.275930196990748,0.698319825488424,0.928036078300099,0.902376618150523
0.784161774029478,0.248904983121218,0.625726424237015,0.93764974666788,0.914956952200561
0.921486452429081,0.465342140855976,0.717380662220008,0.939077080640584,0.90337674251524
0.728940394614251,0.377483347521405,0.663842020774217,0.929462004075044,0.893618669324099
0.854987890997596,0.17676578861423,0.706413117074109,0.93558308721118,0.920741609728805
0.911460768872888,0.53020913174844,0.682339995636543,0.941278169091771,0.90020236149343
1.07123294472384,0.136921697522514,0.71856272240914,0.947060799598693,0.937602701395008
1.00497990888606,0.193323074809526,0.733562481197591,0.942660513328822,0.928627786902645
0.940330698350644,0.101362508750057,0.678890529500358,0.943250143245489,0.935325039951883
0.524965742992459,0.361105651713166,0.736379950413581,0.895340646838535,0.851632479914762
0.689110390238954,0.282593500065252,0.650914875741274,0.92702944002069,0.898562934929406
0.620735050043381,0.258405849651699,0.678907835689523,0.916470162479236,0.888230541821702
0.869731857334563,0.253983124307645,0.723014965321984,0.935212535773819,0.914401884625078
0.98484051320321,0.447872735851714,0.727925740962083,0.941979511353974,0.909511396336099
0.872052205588693,0.260825644107766,0.745679666743023,0.933482666945709,0.912257540900317
0.764354866101074,0.543426896314184,0.770393705358242,0.92251627657082,0.874708115176964
0.873077505018788,0.291513104085183,0.669665682293535,0.93992195484949,0.915966983767244
0.685124750706502,0.338507088289117,0.705169514533744,0.921004160655502,0.887354878968499
0.825168377584339,0.632999882108607,0.682851269795379,0.935487998093346,0.882700463234223
0.593388664615597,0.357032966822449,0.718715037679894,0.908319901808306,0.86875379042174
0.608593593342778,0.352244548253795,0.699066618605151,0.912640584461185,0.874161297971026
0.891963472313572,0.127216780939409,0.780661204588943,0.932023157921432,0.921811763860736
0.814381090824285,0.231459158183123,0.663985456999508,0.936378888307266,0.916062698812664
0.675356364482143,0.555039101327625,0.764685135400994,0.913779630838525,0.859961359164577
0.666199011690834,0.373181103882407,0.752697910238229,0.913948724650677,0.876551969908453
0.929424484595085,0.178180733892525,0.75087981839696,0.936921918553192,0.923104727514993
0.907253140522253,0.249204125745225,0.711089823574358,0.938689256263912,0.918944283923387
0.72773031762052,0.450852002494602,0.72868905053013,0.922983387312684,0.881002343132867
0.65045235696893,0.332774393087753,0.728181705214635,0.914668972900475,0.880339487597142
0.780115909350887,0.133261567012362,0.717988925811105,0.928766557332954,0.916647372695975
0.537769935232854,0.196252823338379,0.712152873813345,0.900612155732481,0.876602891469208
0.676414821773984,0.449986984665254,0.690354467627493,0.921615939782243,0.876817314638822
0.852060794356062,0.289865660768579,0.631137713858091,0.941862064121774,0.917367176988733
0.641734571803809,0.269563033719843,0.717463463567311,0.914773135806346,0.886389903255739
0.617748454851733,0.226439583290102,0.735385212666816,0.909750598817038,0.885152591383577
0.752188404473792,0.100663237522496,0.710632699569404,0.92701648675908,0.917530749316489
0.81423471261153,0.104750962735253,0.690898527469806,0.933959343925421,0.92470051130843
0.794571022384644,0.2808684473689,0.690210938183831,0.932498125026274,0.907568465366188
0.606080351557835,0.358777421275865,0.709896517446906,0.91107241615365,0.871886802261666
0.76286171996868,0.197472174294647,0.708667293617483,0.92814896850797,0.909930792742849
0.925694504585023,0.245377489405621,0.701299074290002,0.940616353902692,0.921470283715398
0.87234809568598,0.335296078249284,0.668396598153521,0.939981845999047,0.91250836247745
1.02222220756276,0.469903992340373,0.668581431150079,0.948313210911252,0.915071053966889
0.671727491071494,0.213156758069732,0.683010098434685,0.921885817840552,0.899946724676913
0.733769452751748,0.188979944020207,0.719949799284998,0.924416173240302,0.906432522616019
0.854797969355675,0.154274710699646,0.733180536948795,0.933291165261013,0.920372114064965
0.791418564835446,0.246466976312182,0.69572278491181,0.931743338375717,0.909745130901249
0.822868919787299,0.213887540292221,0.669006946270525,0.936547528319175,0.917926178501579
1.17914436312241,0.0373434573088054,0.699003811353978,0.952925029887618,0.950534506924834
0.757398960955354,0.243030161387391,0.72908201870007,0.925739284375818,0.903377211983208
0.830041191936552,0.108668751943774,0.687418439619274,0.935441014946299,0.925990688403395
0.651699325730662,0.213385293507409,0.691073903168961,0.918806711036804,0.896335285754964
1.01417148855312,0.191336396992844,0.661202798856429,0.94846938143493,0.934533857415662
0.792942873169233,0.293644478730856,0.65691427422069,0.935420811877113,0.909175399704098
0.7688580463361,0.0968184301758718,0.678471114703198,0.931500552334232,0.922483340436538
0.794214480510251,0.234681874925937,0.773939802028189,0.924893126016132,0.904298038460169
0.92029522233414,0.294219998444397,0.651250317353909,0.944312796458307,0.921138602729413
0.877836984060845,0.544489972770791,0.691777026544212,0.938376263375728,0.894967344577681
0.802937459758165,0.237491577359526,0.770988130779707,0.925910962552643,0.905251281125412
0.734220003124131,0.138366037262381,0.706211710160838,0.925793557692522,0.912526287211983
0.908510688309496,0.125385801535795,0.664582892995795,0.942543486716178,0.932435670211857
0.747112538073568,0.0703549040384819,0.716906484914138,0.925956676297305,0.91927686640284
0.675786881466361,0.175761712196545,0.787899230378245,0.911445547739656,0.893789270624721
0.581846002766504,0.260086698810608,0.708835801106555,0.907835532134781,0.87813942683071
0.846029006830312,0.208232054847043,0.753088050163101,0.930943793440361,0.913501097132188
0.745741715989222,0.107363235967401,0.696380719515712,0.927800890711852,0.917587075835631
1.209631890213,0.435016636791415,0.665690690721818,0.956150536628003,0.929515440171545
0.690567693149894,0.208695501383236,0.63928359821795,0.928380379929501,0.907170392748546
0.696558547004574,0.368152214368974,0.699271318685756,0.922800470862676,0.886759043740987
0.692752397691202,0.332647618329129,0.748709687555767,0.91737681562174,0.884893244019787
0.748872426154479,0.29646197524831,0.658689284510411,0.931707779457295,0.903923985842999
0.899028837816987,0.267986012490032,0.721191364662139,0.937339674181427,0.916011427788611
0.675754530047287,0.288296445140244,0.73388173617091,0.917009268398808,0.888056932443333
0.679183718551528,0.246785403598474,0.766409462841889,0.914047030016514,0.889430241729596
0.882468936539428,0.236835870336629,0.721497069605147,0.93621349655844,0.917012794888827
0.609240782990444,0.175262858541928,0.698356429784516,0.912806218589737,0.893259409692889
0.601823299479629,0.474108222886712,0.726426023461435,0.908606178669337,0.857459598977226
0.770811602457469,0.294239899402721,0.634257341230075,0.93582987036752,0.90877621645377
0.913785176753062,0.35236658219858,0.647741498846082,0.944223510487953,0.916417570792584
0.832616984547099,0.262246804469441,0.714501430530829,0.93326099809653,0.910946873221094
0.757213801850945,0.129030031817245,0.708282331360603,0.927688277069956,0.915626495568505
1.20327561558179,0.412929511441458,0.672955386689583,0.955469581440708,0.930056589432884
0.59322087481917,0.132022794698819,0.694332199253318,0.911130969288782,0.895990632755777
0.926648430981956,0.323896141694701,0.661318906807343,0.943866115863906,0.918610875164833
0.680587597773845,0.211922702297899,0.701231938044605,0.92092810646193,0.89943458781827
0.760071363104656,0.494915799259148,0.671355558154313,0.931439845874068,0.886628086112864
0.673194266998312,0.103746189341547,0.716422304590183,0.918539808546985,0.907830699356631
0.899215614904183,0.253887941916566,0.694806676629915,0.939505194747898,0.919186316611453
0.670130489674027,0.257534639456741,0.684359587550379,0.921571689971209,0.895152400500719
0.941896985600796,0.169777484225794,0.755535203026501,0.937343135948776,0.924328843857172
1.01354244696347,0.0918527587957813,0.706484873830496,0.945101780232542,0.93840389961697
0.755795214915359,0.0839747362541576,0.659467637667834,0.93221636908767,0.924238916345041
1.03439420221223,0.672733013564823,0.743643736273043,0.943476543987735,0.897580029442787
0.685949881702724,0.198251651842237,0.685365795614993,0.923137388551386,0.903059144958873
0.799629036266644,0.353941868396513,0.7333441501599,0.929000699339312,0.898221204937411
0.705175641935897,0.28924294061571,0.730836776694456,0.92050025122088,0.892421477021177
0.840323519660847,0.515558996609731,0.727381987097413,0.932719987959584,0.890265702959656
0.766959302799144,0.188910066624139,0.719921990578487,0.927452329723339,0.910126466723026
0.916462462280607,0.45664758590857,0.657219913042652,0.943609359646696,0.908031612263752
0.67413850248129,0.361300434706466,0.654330207015175,0.925168025165661,0.888457111883846
0.536500288296712,0.316973992399133,0.702480467385693,0.901620047804502,0.86329732318834
0.647030652402119,0.408954513022165,0.67376316264631,0.920152559455729,0.877618716907562
0.826368249621593,0.252071031457339,0.678600994173021,0.935950947252853,0.914200772924197
0.743566015233077,0.247287662562542,0.612294976198977,0.935785067719983,0.912129451749572
0.696443451662727,0.291227137017282,0.745111920645909,0.918141458139269,0.889676760179626
0.750259903856478,0.361182218973237,0.653830199397801,0.932294330610495,0.898682459676613
0.693126265890051,0.332032520407189,0.686644373618068,0.923741425425134,0.890889467056488
0.644114170539937,0.194607474873833,0.698341805819789,0.917137436820495,0.896437461104052
0.774364162655768,0.206964410478778,0.660921938133137,0.933597653375663,0.914580270128538
0.766805327332627,0.216322542316324,0.753501409826911,0.924310507735672,0.904652695498234
0.645383994774166,0.353248148903102,0.657352111140399,0.92176205226503,0.884571533050317
0.995843646926903,0.33716332352377,0.683927565606965,0.945866329983026,0.921280241172068
0.902548100238232,0.342849661289103,0.704881645067671,0.938894355711357,0.911794570283815
0.91237257417355,0.169452118208335,0.693269866559138,0.940449638842574,0.926957251997426
0.934260613085861,0.248014170723968,0.689118264201823,0.942092097412484,0.922858709726779
0.90353365760576,0.0843551405839581,0.700634705158517,0.939302402975994,0.93248789337513
0.737030287627978,0.158133302343842,0.732930415622351,0.923472076163845,0.908472047250518
0.662100729394066,0.252483845965424,0.725983006884771,0.916276444229262,0.890351588728924
0.978203849845315,0.579707367252279,0.67597556304247,0.945549170469147,0.903365364628661
0.924595018235517,0.411562515424275,0.706874225553964,0.940105629518988,0.908426765995001
0.793726529936111,0.161125726294287,0.670264975851102,0.934255412312005,0.919719781124562
0.737984124135333,0.400469055399123,0.705182176429245,0.926243824797691,0.889007118258539
0.820230278873193,0.274047108676161,0.700622219868661,0.933548648538004,0.909898276437136
0.86681988860669,0.217112447781544,0.688490665975028,0.937919727581141,0.919910875367436
0.769049305156675,0.122252810023387,0.675162949847466,0.931827576882007,0.920465273330948
0.876930448427593,0.105365301879705,0.681939532978035,0.939140281308803,0.930391502756023
0.945798896380704,0.18746718300439,0.742073104743643,0.938629343427204,0.924299155437252
0.942234473722715,0.302759702146125,0.722864726694346,0.939909887698136,0.916835225978822
0.443056559497978,0.304314794860139,0.728511542291225,0.879489062972669,0.837337504445638
1.02467104392418,0.253396966777044,0.734846365751704,0.943607392567878,0.92560815093461
0.605353340913513,0.069323454168348,0.706373124911988,0.911377819274283,0.903519566022124
0.615898463646159,0.198529305059686,0.770025130477676,0.90564350323088,0.884135003591257
0.752170425036059,0.177507091641084,0.708279172129882,0.927238999616414,0.910633440862406
0.774560031172462,0.230163386176883,0.720920696539392,0.928020513968402,0.907173313064123
0.664629903550964,0.360419581198816,0.686326191227813,0.920764800208437,0.883982439400025
0.799434780012595,0.223928856979479,0.694171040531006,0.932522131614572,0.91265605679999
0.733438208800187,0.355045556834802,0.705765711292213,0.92576376212043,0.892435229879146
0.63771359325886,0.184885001986513,0.679306654119919,0.918468882422669,0.898530405193586
0.994660160310992,0.270007499016606,0.693429957552495,0.945093781211362,0.925311216769385
0.989426529931874,0.138806593338307,0.733106177039803,0.941845698929658,0.931588023480318
0.829131582911185,0.440031114997294,0.66892802750693,0.937003570643856,0.899719191748332
0.688434311081805,0.0979741637721711,0.718317491167976,0.920004994333542,0.910075312554961
0.899047768083612,0.230935568765441,0.681693083456389,0.94056867856424,0.922005562982201
0.825469644108045,0.684118564478723,0.734064642618839,0.931007019280686,0.874761048806635
0.814043463997816,0.341665611132395,0.728234724792411,0.930622879632418,0.901286336201771
0.979895822761626,0.150315062282734,0.609666729960166,0.950707778568247,0.93929242893316
0.649136601589125,0.241806470357045,0.687844851044226,0.918862147618875,0.893379935318559
0.658482055336753,0.105269893451751,0.69610279866643,0.919037926271342,0.907921612890172
0.793944626095526,0.253049472150388,0.693695462623913,0.932130578190363,0.909610687116476
0.923100718233196,0.426347866554352,0.719289889175778,0.93902513625636,0.906270788274198
1.00609310571778,0.249101429831784,0.726739035488596,0.943222875458711,0.925216980143731
0.770981289547167,0.185290565303503,0.626139975238087,0.93661213457233,0.919366597551177
0.963644233598503,0.345254018701326,0.741764029384293,0.93972091009122,0.914074806095238
0.668865297269726,0.304060371417541,0.721431511077493,0.917530091272057,0.886709457262205
0.777707498388381,0.200503652475379,0.725116525172763,0.927903669252501,0.909766987937986
0.503996089021305,0.380388667247203,0.683285878598895,0.898490324887636,0.850431630624624
0.649424536436246,0.254381821079491,0.678180786943759,0.919943483242275,0.893124081867275
0.779222825606522,0.322894725588867,0.685504462221159,0.93169666411027,0.902655461685259
0.727589345294567,0.203791881909011,0.729360582879162,0.922904099212845,0.903442593419804
0.749685495636712,0.208824166179623,0.670013150854968,0.930685228864321,0.911004386151292
0.574771790437487,0.332328431069904,0.72811550009789,0.904514163496838,0.866739986506666
1.00240341605687,0.0733807134019592,0.742945186058416,0.941829186954674,0.936448789936726
0.819595891758976,0.187925725331627,0.709031935136914,0.932756102621015,0.916422977643435
0.85717278890982,0.230943781865328,0.636466691692233,0.941729059133693,0.922229638901458
0.699369411695647,0.129649984516497,0.695657306704948,0.923453961416091,0.910465334183002
0.748227679636189,0.26915591545533,0.689915180753775,0.928644084663501,0.903492646020014
0.730120140068029,0.251015605598267,0.671654676181536,0.92879806897305,0.904723294676526
0.810023535255789,0.236614179732766,0.65861592129643,0.936542791012694,0.915667745763862
0.986790596531994,0.0647799171096552,0.718536254524093,0.942791806121504,0.937954188183567
0.887946853146676,0.0804226396643152,0.63058320419454,0.944126683277203,0.937446523044714
0.891601072254255,0.217198324120073,0.762489272745616,0.933475040317254,0.91611474043361
0.446496631326379,0.231660642512021,0.686488960418159,0.886426535639852,0.853707197123856
0.690882001669036,0.364435768805898,0.709684666808559,0.921148502172332,0.88530119229046
0.848371998851175,0.133995174600094,0.693551217914246,0.936219399651847,0.924823254698827
0.84679009419061,0.503247566635676,0.732514001628853,0.932759837620745,0.891573637506066
0.580858934221507,0.204781193146247,0.682663897181538,0.910797533720959,0.887061203212471
0.637639208787754,0.178272928440144,0.659796876915094,0.920616078177148,0.901284400385217
0.76186026906373,0.0968904506463559,0.706550569716096,0.928260775376665,0.919217769470762
1.02680522686624,0.358025051000457,0.705879268436197,0.945816388929469,0.920518546871282
0.978896180142403,0.24265845038678,0.634205235942222,0.948775759973614,0.93053784605296
0.670923226015022,0.612990559266125,0.698592102598004,0.92015789880711,0.859913478714486
0.941949346498678,0.114710910802743,0.697332551526573,0.941892463296493,0.932974472583735
0.870760888590907,0.314529074336682,0.785453954985228,0.930086070674882,0.904756065390148
0.858023290796121,0.35526566551746,0.680926181183157,0.937969078688359,0.908564353179901
0.82521564568539,0.215643777160732,0.677931837817362,0.935926413414356,0.917232114324638
0.777395225994221,0.254096758086808,0.660293886865387,0.933898141193619,0.910731354059959
0.937113295978307,0.257420413092923,0.706694674067146,0.940872534485222,0.921035497785599
0.818191742710261,0.289804107587139,0.663559957342465,0.936694450958595,0.911493342308252
0.760201406207383,0.305178945123346,0.696132162390814,0.92910030191059,0.901092649931506
1.07464488441832,0.487848114451274,0.703832295404402,0.948245992454923,0.915408180311767
0.644740542818055,0.260224386769463,0.674644359253114,0.919795294170168,0.89219382719988
0.835570561816773,0.22521467783311,0.70504872584904,0.934303429624869,0.915099566278832
1.07086894064013,0.270663099885734,0.70192469763333,0.948206429526482,0.929639967002543
0.619269335471606,0.207224400137162,0.709962694378475,0.912793795162391,0.890136434058617
0.726482427272138,0.238415176016362,0.789231302778512,0.916984368700379,0.894550995939494
0.811505571911699,0.189776791910428,0.683733127175601,0.934393950390139,0.917683305975267
0.754851459580337,0.239804528872371,0.746522161684355,0.923861093072943,0.901804733955513
0.924008929158337,0.308257994204437,0.765282334897844,0.93543767916516,0.911727392941145
0.980288963683596,0.419226943320791,0.69559891938702,0.944169258563377,0.91343372714445
0.780515093723575,0.198713714056182,0.68068990946474,0.932248567026372,0.914167551669016
1.01210615109515,0.238539304777357,0.673146332305883,0.947486014292881,0.930176268023293
0.671184367948386,0.372903020805474,0.666907040914192,0.923529651869082,0.885660051496682
0.632464858097,0.495654716970453,0.732058180594001,0.912029540998259,0.860760763090317
0.605415952942476,0.60522552182641,0.725643620811576,0.909188241520842,0.845173251640182
0.7996707667248,0.0449411203796628,0.673689638583074,0.934400509192475,0.930329320757093
0.74418562873401,0.314062087855736,0.646438753219852,0.932498561284007,0.902888765761029
0.716930202400183,0.264307535249763,0.706952606386383,0.924066179234695,0.898556791859702
1.06741486442148,0.163029622767352,0.671891357137657,0.950159643214064,0.93880627830022
0.777431440683989,0.161056973969399,0.699245970483479,0.930273588135856,0.915569496695689
0.873064416542542,0.0992324778689033,0.722155340931834,0.935515674442846,0.927298979711619
0.90028747595744,0.179863683863018,0.74404500285302,0.935566543110957,0.921217664256136
0.780067207840214,0.134082302773836,0.668850727890195,0.933312703207355,0.92100023532588
0.713882953067579,0.283559923707769,0.679124127275581,0.926547185152194,0.898976197285806
0.78780414544942,0.283955403855477,0.679761440032349,0.932918794313801,0.90748939901189
0.695241870906944,0.292395191394679,0.675738848216973,0.925073098507157,0.89602295720783
0.811254327122559,0.291863940739436,0.730666327580139,0.930184789049988,0.904947947419837
0.679376448126566,0.380201457703696,0.748633663990223,0.915894735355114,0.878376010200057
0.751455599624476,0.151038522061428,0.701723774830561,0.927800186561501,0.913602586692655
0.742378312393285,0.186533717692253,0.671778842659105,0.929879279456985,0.912119838286669
0.827434653961189,0.170109659445115,0.663338139270404,0.937376940434126,0.92256119617694
0.709249059835579,0.251645743774475,0.661829508133428,0.927848836440918,0.903074036377878
1.05676950075981,0.115404402937382,0.727069979529154,0.945774649788311,0.937703893187256
0.905245713590102,0.262687969234538,0.632551925557107,0.944973955141641,0.923862430169486
0.954542015845125,0.228196590297661,0.691024792536289,0.943104594824825,0.925711833722775
0.932354420521493,0.221771120271135,0.698462591341824,0.941240068944489,0.924000931741964
0.597831608896294,0.115656218928617,0.715215686058457,0.909342374385482,0.896203953951294
0.730455273748324,0.167845130492792,0.754866792929545,0.920710018796396,0.90475895578126
0.617519613635847,0.313998454222438,0.693054162019996,0.914472491717567,0.880359016033371
0.863628742092254,0.273927500929641,0.674038236869527,0.93893244307206,0.91619459436272
0.968995449552242,0.237806361556374,0.72302460768721,0.941460095235294,0.923675586770995
0.833883364468285,0.180626076962159,0.685564086602324,0.935881636580428,0.920334144155339
0.939696812485079,0.352456291860305,0.68738744564331,0.942544144447301,0.915571095450316
0.679253870098653,0.133843546052545,0.693228444911093,0.921618396777672,0.9078791400209
0.575648114793365,0.156111433694472,0.747778094976399,0.902322163602255,0.884289801456527
0.761411821704114,0.274633275573946,0.708517592115721,0.928036106844041,0.902851594930943
0.792840307737205,0.274062874895544,0.741114575950131,0.927732789115827,0.903585119887178
0.6089127414643,0.41031624710777,0.61986855557515,0.921801120507252,0.87643423441939
0.752180905537089,0.351591049699426,0.731430641169516,0.925039914716877,0.892867636586329
0.756621800037113,0.243429483547195,0.751254821252561,0.92358086745393,0.901263659057998
0.571805783618318,0.0553307788757593,0.643911639397509,0.914208955212905,0.907518770915028
0.76934048156388,0.0423337149651917,0.683916083564845,0.931029048495555,0.927071166371841
0.891056400081902,0.0879160798990165,0.65949905095198,0.941905493752585,0.934667034556672
0.615616934197369,0.412482056074334,0.695021405471315,0.914008303385938,0.869627353858132
1.04279743929077,0.344309568563505,0.662509708303075,0.949718750979017,0.925533258658531
1.0261339460209,0.247438176300048,0.728690770752899,0.944128652490495,0.926550164347197
0.678601670792339,0.323604328967622,0.672317963387951,0.923734891460461,0.891026722738133
0.768333570190838,0.129744689459171,0.693585004019231,0.930036933674074,0.918022260982977
1.16166138978856,0.210441786327236,0.741464303371933,0.949496352266391,0.936078690556804
1.16691562548227,0.111537381548174,0.726225603767642,0.950694881093374,0.943549823452793
0.84590200016637,0.204365487321559,0.646717989519841,0.940105072985317,0.922642189231417
0.981155011731263,0.335075236819373,0.705401619308975,0.943474090625677,0.918803691803971
1.03048215890881,0.203040559976029,0.738235325314536,0.943663451681583,0.929264934664799
0.952769200312691,0.224481667629586,0.697438316841913,0.942506193771669,0.925381727012387
1.00963824733036,0.162458828944497,0.685039422811932,0.946484215009272,0.934622543151206
0.76504919515799,0.198658394065893,0.756615002783925,0.923860383624959,0.905753133480065
0.887775979465771,0.348749603718051,0.69466340678916,0.938785254904806,0.910794429077274
0.888764275977121,0.280909776336815,0.699070653402059,0.938485060812042,0.915846486890377
0.996600434069101,0.153351078926457,0.697045471738406,0.944924805194587,0.933612569178072
0.629507954943851,0.317437515675173,0.651491562782944,0.920603905482013,0.886316286646524
0.738273773419833,0.330545511567165,0.644355408133043,0.93219909830269,0.90086613169608
0.802281059988025,0.370196999408331,0.738996704436283,0.928712100235931,0.896690090661007
0.721441045545984,0.446373762344153,0.697505877796144,0.92543870576829,0.883291547342323
0.668840271219519,0.315490848613883,0.750846970458881,0.91445221151329,0.882722345299609
0.721158753494511,0.261952177556593,0.748241980702598,0.920417966353736,0.895469392714948
0.938052623403034,0.142812307829522,0.710702146891091,0.940613158369343,0.9295207126931
0.857731841448438,0.231625441020253,0.728939080494024,0.933863407653854,0.91464187907432
0.901707095189787,0.215689912513165,0.651462673711879,0.943212549066525,0.925806000633445
0.90797278239721,0.146726600213765,0.662518746960161,0.942679725412048,0.930862796621637
0.959090954918444,0.189624847630646,0.678051679710844,0.94436336129048,0.929894740832378
0.787013350597616,0.137229622816444,0.706332769468071,0.930413944318405,0.918002999776731
0.827034000619898,0.068766678609567,0.629589203042374,0.940345900184896,0.934258551828575
0.62237823551126,0.355021158399351,0.672861301690338,0.917353122174815,0.879021716854343
0.832478592395526,0.146641186796553,0.628264030951267,0.940830325061435,0.928013884500006
0.843308447091326,0.0885362200858854,0.59935981276041,0.944084672825771,0.936350697799192
0.975839412581237,0.231544355870961,0.70916681306255,0.942897727515005,0.925640089972516
0.739571587546186,0.139996297405668,0.607096943597356,0.935973448519292,0.922355337215862
0.827185996088731,0.239669350953632,0.711337082379855,0.933129732929614,0.912569128343946
0.817208866066528,0.150701304711384,0.644715722890614,0.93831192986294,0.924974271548552
0.626382784101301,0.151880929498184,0.683247796137466,0.916675484436037,0.900005207051764
0.729500294889019,0.217595464228645,0.699562036056973,0.926000192146834,0.905165729679047
0.82602151954514,0.18258366373097,0.78505897678439,0.926611601649693,0.911061447008791
0.92938146222725,0.373107512577836,0.670124030404417,0.943318874621632,0.914459833266616
0.821573693639652,0.584206677825358,0.699505889958103,0.933748812479497,0.884792335190065
0.759131336006094,0.226372841596648,0.673210089820787,0.931184216701402,0.910124023936601
0.877120751784578,0.435051338261388,0.753244715164494,0.933215252337108,0.898555411114576
1.02719332881381,0.393815869691165,0.677287338693953,0.947915426552187,0.920051550506317
0.814368908386548,0.215833791104559,0.661878721299232,0.936567056277549,0.917586758410981
0.790836880670407,0.447460264163027,0.662528375409929,0.934742797750451,0.895284398901085
0.829212345767876,0.211523256591558,0.657306848252904,0.938035837743839,0.91969685462115
0.653210820534723,0.15431873208441,0.642886166322923,0.92420060926651,0.907685342131988
0.873411571384956,0.110659622510236,0.727485437471392,0.935094762797753,0.925952924622074
0.986606295942915,0.17442818316021,0.66296135709745,0.946972580830606,0.933942441942846
0.650903912765689,0.59236290652962,0.661219751264516,0.921952957367889,0.861703084298288
0.667147911739199,0.187332107932202,0.729748800904549,0.916461929189803,0.897221144857243
0.547589320034475,0.255027822736264,0.648786001791066,0.910138673645554,0.879086602118019
0.970326982190205,0.202633800910999,0.715055828903818,0.942142810234497,0.926944923441217
0.702866282025532,0.100174096535298,0.666681005714758,0.926747015721598,0.916657512653256
0.614438427588323,0.202955035067624,0.656122260708728,0.918284850941187,0.895646018028622
0.856888976889893,0.15935383378599,0.641914936913695,0.941241239421622,0.927709007429051
1.07262112969118,0.361664457177676,0.678076761881874,0.949955699868632,0.925258668586709
0.874734197273087,0.363519719279108,0.687324219159532,0.938544711363445,0.908999359470043
0.67343213274618,0.154656305489851,0.694007582363683,0.920912557877845,0.904963248296905
0.881375195923304,0.208598599689048,0.697373001117301,0.938142565947263,0.92109961628456
0.694062229967417,0.304955618701984,0.673004243922249,0.92523629639853,0.894918804006571
0.698433451192551,0.205317347153123,0.682653641211073,0.924683963166953,0.904201696787088
0.993046422656828,0.520399021126101,0.678619866312613,0.946120656371669,0.908580538806866
0.924248452221739,0.158029519255076,0.678090775505785,0.94238366764536,0.92989744580956
0.917259773844939,0.314710912639153,0.659385685600954,0.943480433922814,0.918698004422566
0.790154260802906,0.220340703198399,0.683117938518895,0.932796850247281,0.913006095955897
0.698878136766268,0.343341334975208,0.749923440629974,0.917919702835295,0.884674307803329
0.853511870799202,0.100894495104941,0.680274561778329,0.937717580177514,0.929134810676038
0.778462926187268,0.180004012088859,0.678663983115299,0.932270544533908,0.915818704552793
0.810868352575143,0.205413018317399,0.71330409172437,0.931700218266101,0.913728494559882
0.621935273872236,0.339946622683107,0.701280736070406,0.914106143602282,0.877566770366443
0.653567310418011,0.188597991616189,0.743282212529736,0.913431816119296,0.893799048847209
0.878936518424466,0.212759126473457,0.720393948139198,0.93606518767037,0.918717659478936
1.19949589076712,0.19227033869195,0.705004737977284,0.953307714472217,0.941320918910786
0.811539858135164,0.248455248104377,0.732211000271466,0.930070410892741,0.908512638842808
0.675077524359043,0.152044679256555,0.701263948831271,0.920330780073712,0.904703388453917
0.665565321088766,0.299278392919011,0.710109872651495,0.918349022645671,0.88779802650957
0.778020145919415,0.331085204572529,0.657626248903196,0.934197024724822,0.904240587449445
0.846473002520289,0.304995066510469,0.698870677662561,0.935626797685711,0.910060297720338
0.767130586899484,0.270976730687254,0.70434098685981,0.928925577840662,0.904201084630054
0.776474809546773,0.206586929911059,0.65543234508183,0.934280176718633,0.915319917451787
1.03876275765256,0.171491083916302,0.69029577998747,0.947527766880974,0.935334978114541
0.855928930407877,0.258712348168357,0.787225582307564,0.928811806193932,0.907578857836477
1.0373190716255,0.254268412135247,0.718325090284318,0.945441539494094,0.927528845501997
1.0549703417534,0.16235999641715,0.711438005255121,0.946792787629347,0.935434164121698
0.696457395677996,0.115281148479338,0.70586454253092,0.92211883175096,0.910537270390884
0.777340073787951,0.0956360278097916,0.673083911074533,0.932699448037486,0.923864999195466
0.946430560483455,0.184722041609762,0.667909935973854,0.944456908279265,0.930168219943935
0.694183053884117,0.248022178168615,0.668641895452775,0.925696867175978,0.900867537496714
0.7812952055661,0.213057889579385,0.700128673709197,0.930512949068494,0.911243987413932
0.569598004200734,0.204707544034448,0.671972183921535,0.910489021537021,0.886320523470438
1.23453854616008,0.200349942762241,0.703434057492296,0.954669497090545,0.94250096554094
0.592943323849117,0.23497762149034,0.659286551642823,0.91520000955487,0.888350735005733
0.810699883321354,0.254847939107959,0.651614608858593,0.937224106004845,0.914764985140203
0.874665057509305,0.205916516846841,0.755238749936561,0.932874942670808,0.916108592025133
0.744525732458097,0.277503818987579,0.649882993411489,0.932192196469773,0.905960714076315
0.906044638649999,0.0992434612441572,0.670153068135502,0.941941337612148,0.933911612212412
0.859498297472097,0.230143292392891,0.683914396247971,0.937814058003496,0.918591498441575
0.787876143450666,0.474829129399479,0.642882953310854,0.936331811651962,0.894278451537146
0.749045639807285,0.20909466935696,0.698515350273546,0.92789193708585,0.908286625234712
0.957075880112352,0.211468698230311,0.661490800475087,0.945540182579988,0.929360035793934
0.703922186361801,0.299328588093966,0.768449675616381,0.916613493703674,0.887777644321511
0.852883121485889,0.308423078858348,0.799245369225539,0.92756418758606,0.90234152000384
0.705305484786121,0.277112058891895,0.667146588770112,0.926934585983078,0.89963156579697
0.626556428815236,0.449593962852422,0.673318636328342,0.917807741332257,0.870057173237689
0.964369480049695,0.14258645550888,0.683022151066921,0.944267911696626,0.933408147663548
0.667705153384881,0.105761646267457,0.741333636908383,0.9153128904129,0.904386272209841
0.989087829274661,0.331685872868062,0.68417186384847,0.945498322588679,0.921159123064721
0.849910259449956,0.447024313538996,0.677059709754823,0.937747261947361,0.900725663269158
0.665573629031987,0.133092773847333,0.758786775373228,0.913238580087791,0.899549121942312
0.798964966221884,0.323321250449343,0.658822327722921,0.935702080328942,0.907079536321589
0.686024684975897,0.277505947624797,0.670644949568919,0.924671528563725,0.896720618819553
0.998281123654901,0.286560189933509,0.691346124654535,0.945437501103724,0.924528424962679
0.746600220402157,0.210630017277302,0.709845115644342,0.926585830039398,0.906831462156096
0.785354787790442,0.304147142611245,0.705762358179094,0.93032961718728,0.903211295619867
0.911917946442285,0.147918173670073,0.650264971207647,0.943910183073186,0.932018597187572
0.743582109381905,0.121809192297291,0.672520905994557,0.929912931045522,0.918256219469535
0.65903431298547,0.384891929487764,0.714991075601426,0.91708713026884,0.877903306421393
0.818672406609894,0.159708827782211,0.652966818543564,0.937676377424504,0.923597333341375
0.755271724462067,0.072864428408341,0.70829315357734,0.927514787856801,0.920649696089474
0.764564718734225,0.22851167736478,0.708934965800883,0.928272394504683,0.907295693704233
0.602306722229302,0.194905439445047,0.629544481374564,0.919876996076064,0.897610959999558
0.790188528220802,0.141852777157169,0.649151679753649,0.935926843126291,0.923003609985808
1.07979492690005,0.249582398322073,0.778005711419752,0.943358219800539,0.926522791487324
0.875344222518085,0.276582062553107,0.709650205495142,0.936716241082241,0.914168745291422
0.923518690797034,0.255080755100106,0.735308105092357,0.937778202713045,0.917964002663963
0.726305444042641,0.162341467871472,0.740572596124498,0.921684225584564,0.906128126914533
1.2119064111234,0.172136762971647,0.708940829980109,0.95351761731126,0.942876024988156
0.886630904901127,0.137167240259438,0.721409234462422,0.936501144396037,0.925329146529742
0.623066749192292,0.432362520885536,0.666788815273301,0.918121021417809,0.87183332015889
0.744186881784607,0.0555168301847516,0.798924305879877,0.91788358498371,0.912675650972938
0.8317513376462,0.135139581128747,0.679015682409495,0.936302658440186,0.924581533746955
0.657914161278417,0.291071938049702,0.749085874043558,0.913340925768862,0.883587807416414
0.790283821508508,0.424884577852831,0.638938953372114,0.936878365114786,0.899137158019769
1.03688282621307,0.303313659168322,0.712393799619036,0.945846106807735,0.924529297523453
0.918693886467723,0.0795481908556542,0.629139691258485,0.946012656363042,0.939598823395078
0.644485139805373,0.122693653085391,0.715233280442348,0.915347540761812,0.902245507709635
0.70225777940497,0.139897409224985,0.725097585700043,0.920773332793453,0.9069105929098
0.847589387863142,0.1885933454516,0.667384579305634,0.938424393350671,0.922374716737181
0.856229825465852,0.463377348085964,0.774595502711254,0.929896757385885,0.892469225851532
0.639553921128351,0.127741365008616,0.725911741332792,0.913587683979329,0.89990348717355
0.824685238318541,0.33465014729886,0.721423711398359,0.932054273368471,0.903575123479675
0.818575074004661,0.30215757869003,0.781274060901136,0.926323918205633,0.900660314835926
0.710130429727171,0.245039102022892,0.660710694162958,0.928044996154304,0.903922824185896
1.12737136329074,0.209706002161551,0.671857590519038,0.952687131222288,0.938822874943496
0.640320353677188,0.210179745261762,0.704278801837984,0.916038570490828,0.893646621978364
1.08671283806492,0.321970216002508,0.699141925410212,0.949115182292497,0.92738327542265
1.14731437942445,0.125327700068846,0.733966082813472,0.949387718173589,0.941253169764544
0.936998452732707,0.153759151665481,0.745026440024616,0.937857540179465,0.92598181371034
0.789873139543536,0.287671972293782,0.726571334630528,0.928802758910921,0.903338389659108
0.685425892646789,0.359176570467396,0.730456872305209,0.918435446391494,0.883020572041991
0.776826503700515,0.204269297359431,0.690409770736905,0.931044030570723,0.912428858822134
0.871856723010045,0.302271109730217,0.687304178392873,0.938356074476204,0.913588217384775
0.725433596047741,0.461899626800698,0.712059038069305,0.924387892823366,0.88116819153653
0.958545741933343,0.142143638134049,0.716609297498661,0.941353627989064,0.930528924313218
0.865343578516577,0.151349779543939,0.663524847469358,0.939939717476341,0.927236824369574
0.680330893395739,0.349200946481098,0.724372720034658,0.918503068107053,0.883781487643421
0.727797796246379,0.239188166172483,0.705669717742563,0.925240859107472,0.902374895159126
0.67804070540359,0.373581024160599,0.743685904185877,0.916253231830717,0.879263403788613
0.842857601034799,0.381378071832206,0.690668664400203,0.936078553527807,0.904164638941398
0.991260294697268,0.374292621927787,0.674313346661007,0.946352939042839,0.918987339144619
1.24073883204291,0.129906818127202,0.668861574698149,0.957007758867582,0.949082929037464
0.940902627358196,0.206011188780053,0.70112636327383,0.941533620313446,0.925632083006749
1.06961474078364,0.149888021333346,0.707958575853977,0.947726423991336,0.93735247233587
0.727415407407387,0.164513908174506,0.685827901969099,0.927154377128447,0.911231568056917
0.85928684334774,0.138273568087318,0.691316167343941,0.937168830825969,0.925537441577823
0.703036530885661,0.202692701619747,0.748867474469867,0.918471144336523,0.89864078361811
0.614154923363824,0.263361342610835,0.644295513965272,0.919605305041031,0.890346709871582
0.78602932502118,0.15888261014601,0.728958734081492,0.928261347348412,0.913970472917041
0.933023212535799,0.153046645058172,0.697895740486932,0.941324574248091,0.929366084504679
0.70210175615122,0.452473267243739,0.688707614053499,0.924433508573502,0.880709499072696
0.890541097589984,0.0948537492972145,0.655255290399751,0.942226254388799,0.93441154760195
0.663804437754866,0.166710365137734,0.700817610860464,0.919134602554521,0.901787594582065
0.906058638522866,0.347322525669919,0.671974960302492,0.94179353256414,0.91428713525455
0.721673433646703,0.202990341798217,0.639901082616301,0.931193300921264,0.911302341131083
0.677374462895522,0.169436098760819,0.722033704593289,0.918419131037492,0.901167026077382
0.589693978060359,0.319720320286916,0.720232753095369,0.907621732168203,0.871868273447697
0.904603400516408,0.491172064571339,0.70364304027162,0.939125347255168,0.900845679583253
0.915696552863443,0.163788440023316,0.692991551775076,0.94067538934005,0.927668217414846
0.96974521270587,0.355696486072807,0.663779728066056,0.946037337245118,0.919449867064411
0.857906867447016,0.0754195218715247,0.740848586020051,0.932868190939965,0.926536130833265
0.605681886227474,0.499165254768367,0.721693717412658,0.909673981723241,0.856184121987675
0.960084547912299,0.196179485771127,0.710171528527035,0.941937640183131,0.927068129782672
0.896577884043484,0.321866749309267,0.670649597734864,0.941323360007467,0.915540953130214
0.98905252071748,0.241239441076761,0.656268662985717,0.947602877466887,0.92969619478747
0.93244812493095,0.0892313393062151,0.763389007113255,0.936132860395803,0.929196105384485
1.00524514948048,0.273313094024918,0.730645006767176,0.942889744826155,0.923167843260954
1.03450963918875,0.383055672575224,0.700491442577738,0.946586928868668,0.919723352673801
1.03604855920479,0.213085709741673,0.687160019209825,0.947623971493285,0.932479013508449
0.750553625131083,0.18921196828339,0.734609261658775,0.924587804103436,0.906970997338086
0.513664908572665,0.300988710589921,0.684321104831081,0.900074309819759,0.862180721153438
0.908793844914296,0.189594567215241,0.653866303357215,0.943434198067119,0.928209906957315
0.589405231189988,0.297451513816587,0.771865545057841,0.901607103058604,0.868669437326813
0.801691669331287,0.246790767288555,0.711754938665996,0.931111967494516,0.909390331450082
0.66456728200358,0.348526117495973,0.688652053263559,0.920510731510084,0.884911247976111
0.875750405268371,0.0726397744838749,0.695605322267211,0.937917936389419,0.931876556830968
0.700017338733812,0.280289600105931,0.734983157171883,0.919543757835781,0.892169844911527
0.916033434781027,0.242097282151305,0.711721450226249,0.939190533930701,0.920157276829854
0.97102419745258,0.325898491469802,0.733901209038728,0.940748437129421,0.916630570214834
0.82395745622296,0.337078385993078,0.665696906920251,0.936919819014929,0.907920026343368
0.725010041713341,0.182179553947521,0.721539113551167,0.923416983514191,0.905900270539271
0.636354542618514,0.258078216079673,0.720995128935917,0.913728180925199,0.886356809476034
0.714654498095206,0.158786493255078,0.668729970576315,0.927662513060814,0.911997887456863
0.889882652210875,0.156969017553966,0.686323139205649,0.939610358610264,0.926809525422872
0.91407300941897,0.109740767818781,0.706804766619505,0.939463507618507,0.930715628268263
0.84242774406892,0.246264194844183,0.723986316010479,0.933169173194923,0.91242739127706
0.960980106758956,0.18382463025708,0.756000770498959,0.938475308414674,0.924642675809425
0.791663227737886,0.267400879054631,0.690912286990358,0.932202822933886,0.90836792394489
0.8695073751388,0.308084409683553,0.712132337024644,0.936109974193879,0.910931590822321
0.703444225926278,0.228490959372993,0.703907809218462,0.923030131182104,0.900530651048763
0.832196584463737,0.302249289125624,0.678594136396899,0.936371578303714,0.910565759046558
0.836226294127336,0.276883602590759,0.717543678497649,0.933265775627688,0.9098363945264
0.589591386274809,0.243752595459469,0.715205986709197,0.908192785131504,0.8806382883598
0.613695938593955,0.325307289972253,0.707397721588075,0.912361283418552,0.877015828192872
1.03854556311817,0.36758011145385,0.702939783239791,0.946607382790681,0.920895985942211
0.784170500275345,0.369603649872159,0.711894365350965,0.929668192122974,0.89691717317172
0.801528555893626,0.236892459955342,0.719473308059115,0.930403741995818,0.90956102727986
0.678276439375945,0.320017747425251,0.670145207710142,0.923928933324284,0.891542242225697
0.548681602017495,0.290312950025492,0.705309234247281,0.903242972635619,0.868647985531844
0.802062464578931,0.236561229885222,0.662774813373321,0.935574897482063,0.914544970852121
0.965441128140126,0.263938071938473,0.770524118401874,0.937638759340018,0.918028350735558
0.866565635008513,0.295167757002408,0.671022902749129,0.939382620744597,0.914985261215653
0.707763364042207,0.107206255118823,0.691211444862783,0.924740476658772,0.914070818315632
0.859630478916419,0.179700825036084,0.703175950623349,0.936183643294297,0.921160753035682
1.04563712568852,0.253008391885004,0.737519616985358,0.94448547609064,0.926834442798591
0.867394523720446,0.23040048788906,0.695201441887548,0.937391438584577,0.918336467856066
0.750756799415542,0.260952194702055,0.704487259814899,0.927473900634191,0.903209442346247
0.916248802435342,0.0426061938831179,0.783316682514705,0.933494941649272,0.930130338458755
0.905736408293339,0.11326678255957,0.763455106563368,0.93436761163113,0.925357157977817
0.683755037721742,0.212696611067538,0.684276291173968,0.92302279563787,0.901453568970016
0.948430844749203,0.291366052302431,0.696135208480899,0.942360055611086,0.920161088525557
0.62691416947508,0.354824553811391,0.737021578246271,0.910772115412291,0.873259497237163
0.771274492736009,0.358433078121814,0.684860562443548,0.931101617771935,0.898695463319027
0.747882988193523,0.521731861680173,0.715910816722626,0.926122457707372,0.878807895648735
0.884999409721062,0.195677411630657,0.712903381252727,0.937094334712611,0.921188794401182
0.825178756679036,0.327366453869467,0.67078389751028,0.936556473714362,0.908429055189396
0.926766442355842,0.334037469193508,0.677973673753502,0.942540567063024,0.916591629739495
1.03389721359571,0.382558993190539,0.724688878154576,0.944812752752816,0.918066694636722
0.796421390393739,0.189127762335989,0.749506839859391,0.927278686239929,0.910569530244748
0.697685357031714,0.305257973193637,0.683300994122095,0.924543196213673,0.894393562938594
0.773473241894765,0.181925586901475,0.642271704223178,0.935280642794342,0.91844375734335
0.732351612083135,0.329236533063742,0.699154949194946,0.926306802333822,0.895239660575796
0.842494380123867,0.151846054533358,0.750212620809722,0.930920571666694,0.918083963568173
0.662091055768814,0.233150993480505,0.689232549071762,0.920175285080626,0.895981278040855
0.729054772737778,0.304000113856289,0.681634108217444,0.927718658875624,0.898746177614736
0.831626588179885,0.346859233575152,0.760864823574934,0.929158507558659,0.900090216690514
0.708342536673195,0.436246028540117,0.728978999958059,0.921012901143237,0.879442877871492
0.759575343162714,0.113960731455039,0.710973455171765,0.927642752529666,0.917007283081582
0.859733249105429,0.209357925176552,0.70300017757937,0.936205717823379,0.918750971664275
1.06256895264867,0.139244700150073,0.695102406913538,0.948303879668253,0.938583997969423
0.999848299130914,0.301976443259777,0.690172371301525,0.945605830179535,0.923624039077742
0.80569561662508,0.221221580855411,0.66040657592569,0.936061350914459,0.916433156448772
0.567553778527977,0.145469085602241,0.69956924909556,0.906850964033208,0.889619481375275
0.702815023158221,0.3598805368886,0.698064297041282,0.923557142118149,0.888540299949113
0.888112963796158,0.358064033905718,0.678887231792646,0.940113559322181,0.91132853954822
1.14435931103821,0.166318293995571,0.716023188815095,0.950442511700028,0.939626245671788
1.11023783594954,0.39322279876421,0.678987229629345,0.951507289864841,0.925515438907374
0.639616163365567,0.248550017326199,0.675328363405818,0.919129347471931,0.892563190920894
0.676212989883024,0.327008215649258,0.673197253238546,0.923393699943641,0.890265314608167
0.693484832992758,0.23222124764054,0.684208679722329,0.924027686751877,0.900800461843646
0.745503566286212,0.115538269313358,0.636542884681078,0.933572951400587,0.922450861845428
0.813515270181054,0.192351722124965,0.650942250626728,0.937488292916776,0.920485051670755
0.725049797355881,0.192497298154981,0.678548071921002,0.927653530721041,0.908997297988797
0.847468220922229,0.222820216176924,0.71761584868572,0.934086489208804,0.915352706272971
0.742276184474576,0.184621577642982,0.706338662599046,0.926527546637263,0.909069679112322
1.10753191841693,0.609643626034524,0.663762893888004,0.952432567500984,0.912563518145869
0.679656813191525,0.352238026114928,0.706159422423205,0.920316391221541,0.885135079502164
0.646771861916018,0.138517433851352,0.711482278069942,0.916026941694751,0.901292086281791
0.72253677038823,0.144562685950481,0.717819184568495,0.923540767751414,0.909535521628852
0.878314954878667,0.303409588823437,0.688825668806095,0.938654386631846,0.913958204004203
0.920868251344767,0.119945126255871,0.689614958186015,0.941259543226682,0.931740176135525
0.895866224585412,0.169814831755226,0.72366384539612,0.936930438096792,0.923266197716787
0.740507502818159,0.198842446085187,0.65809757684749,0.93104729247861,0.912045840160481
1.02869944423663,0.143205650191591,0.662363433958195,0.949075434719372,0.938739818508414
0.809357336667206,0.183913084762147,0.661887368354868,0.936198556289939,0.919890759234696
0.597355357831867,0.373717725193892,0.734076746892244,0.907106420351229,0.866144682704763
0.795388109352661,0.341974066717953,0.694651680277011,0.932158343811558,0.902032131529548
0.850932374656919,0.388168364386609,0.689037434850492,0.936786866691659,0.904574045601617
0.858070270527392,0.171986059631909,0.667962728290124,0.939081208565267,0.924578928533566
0.834269295053012,0.392363678844097,0.747832011052518,0.930492834486962,0.897753384717003
0.754592064413437,0.16315612527009,0.683598314056548,0.929806021607967,0.914485308145379
0.921198287947591,0.138603465649539,0.647096964977909,0.944699545447735,0.933640614067429
0.641837464623346,0.392149084453343,0.669897777119293,0.91998303991827,0.878818441900922
0.920598440168144,0.220955465567875,0.689234389187709,0.941273860052631,0.923880437903578
0.780072730787816,0.0911800490707715,0.676320231098958,0.932618588577333,0.924222747680265
0.685099012689254,0.265806185491398,0.70348825467891,0.921174928635947,0.89453280277496
0.658823831565958,0.237579642485902,0.614898592754774,0.927835449002182,0.902666957618081
0.838165531593016,0.35873830585249,0.687235331620565,0.936042703434042,0.905801746772289
0.956996474366831,0.332734661480375,0.670947560645053,0.944800264035225,0.919625947817585
0.770308957188297,0.678744602616975,0.723202223170261,0.927439673454047,0.868308064051942
1.04493823162787,0.284085219394945,0.644307999302441,0.951127945106879,0.931064953354952
0.750932745118126,0.472216997340874,0.742308955478796,0.923893083394487,0.881228306255893
0.967258452864446,0.277208346016332,0.703973425633654,0.942817874666611,0.922055950315727
0.85751664831935,0.259496910169378,0.748599958033896,0.932184659943962,0.910774437987645
0.85944466209165,0.35695903971519,0.666290089719057,0.939315775636975,0.909739209585008
0.801689367091103,0.104518644293312,0.693920340598648,0.932721798233944,0.923364900417585
0.99683042912762,0.315544585096048,0.669555360747677,0.946993288717474,0.923913262304087
0.837646280002244,0.138983138669489,0.700434274891015,0.934856592129259,0.922926811371847
0.682965806723724,0.0783471460978839,0.792529233593429,0.911824794358867,0.903945332846126
0.734868483016148,0.0810596092261323,0.667856383825675,0.929597638699616,0.921721589688864
0.926686303020864,0.225345271221077,0.702788537118879,0.940557633409743,0.922966023526388
0.775706053894914,0.286576324941565,0.733152369595266,0.926988672809164,0.901267543026919
0.778383857686111,0.129693630109485,0.718950669146754,0.928530583214858,0.916711804108041
0.608512524996492,0.279461610925829,0.723457698361341,0.909856337549398,0.879240107973239
0.803219646845802,0.25329342422049,0.667126141927231,0.935266684002924,0.912831258334154
0.603615354964182,0.234315580657443,0.699303551708518,0.911956308956837,0.885823805174563
0.972776679170687,0.371395729347485,0.707597992831975,0.942847696377115,0.915388396726235
0.803079349253003,0.289508244019544,0.694938180023994,0.932738525568318,0.907314802906852
0.682929576041773,0.419780166179687,0.734904321664053,0.917704429232407,0.876502211599364
0.802696275218945,0.106190415385413,0.748011074954709,0.927939819487475,0.918543187510988
0.831562386419955,0.185647342799953,0.651998603522293,0.938668600732545,0.922557748807467
0.720268288377328,0.114154602646035,0.719421810516914,0.923160378605787,0.912040269277394
0.9458893439807,0.228859825895988,0.680560481785566,0.943433852218505,0.925822720141002
0.820473634931007,0.200107493879133,0.713631987205292,0.932416833267651,0.915075420627093
0.759465170225141,0.180555910800702,0.756664538997698,0.923338841361811,0.90675167972928
0.869589207046378,0.18778517669163,0.708265183631797,0.936440469467887,0.920921295201938
0.818707941137367,0.286444151480025,0.680629695320602,0.93520974800059,0.910386169590868
0.784491211847408,0.233940262690606,0.687822867192695,0.931910304028574,0.910817176890856
0.854099661586931,0.172641912464383,0.713064148175819,0.934952816070548,0.920456770911375
0.686433208855316,0.177251122650764,0.682648930649133,0.923468541869435,0.905475350446116
0.701390509315175,0.326736737971172,0.681803962101129,0.925064053863375,0.892995604222083
0.932700259524297,0.244582282644903,0.71344240438471,0.940076292501397,0.921153007721634
0.810998015267849,0.261968319731861,0.723788922490408,0.930776091928891,0.90802558683884
0.981448091633377,0.352869175978611,0.667859360165373,0.946336145373815,0.920243779415827
0.856583591278425,0.265817717647506,0.695073165346818,0.936662262149867,0.91451068089731
0.555291516347926,0.208420312522886,0.724399073698381,0.901947868623952,0.877201107496747
0.573047484561004,0.203713253775828,0.682148234349665,0.909753448941975,0.885878347445164
0.791434791727146,0.299895579573707,0.683498162930106,0.93286344639109,0.906170191825493
0.837192207813528,0.242179758291731,0.734930091161601,0.93183248643395,0.911360523903763
0.796622687420399,0.123000510101093,0.630462546081092,0.938128892995208,0.926939999730212
0.834971485138254,0.239452926742769,0.720769798787697,0.93289188994528,0.912547069942737
0.801250379280898,0.147440330594739,0.669973786364981,0.934858998787889,0.921646729972491
0.656641633725684,0.520388918365064,0.683064540890162,0.920228499900784,0.867507081430807
0.898831480372285,0.254100059783105,0.72943748308125,0.936655564093833,0.916433470947469
0.80438452382319,0.505379416344551,0.677464845288762,0.934418232746662,0.890835790986902
0.641158480443645,0.245843510119105,0.713284532593456,0.91515775821809,0.889156969987346
0.739522628384183,0.287411866071811,0.708144721683712,0.926099565881916,0.899131314668559
0.796574768961563,0.141876714751218,0.657699380754126,0.935624415255833,0.922809465201155
0.729940751800019,0.206454622606704,0.680348997064709,0.927926367968829,0.908066027079488
0.84721421530801,0.190958845225671,0.678426897687781,0.937443332849792,0.921222437169562
0.789417508383162,0.158991855053175,0.704607712529591,0.930768896468017,0.916452338309611
0.664343913990937,0.179466329516899,0.705416855343279,0.918707773799483,0.900092337075476
0.863777721646772,0.328324760885445,0.707115799984859,0.936137359089493,0.909178040749332
0.799403852690562,0.217715486488179,0.656842273092086,0.935915879516984,0.916449411882853
0.77708340075863,0.158289670496927,0.719184957457519,0.928397883693886,0.913993948491438
0.738337307517918,0.233488878476698,0.741980536736946,0.922726686570835,0.900821745846465
0.746728723048547,0.24118393944605,0.749238899798337,0.922838293813305,0.900471694635915
0.991644080217437,0.280940526364333,0.687026138990494,0.945416738989132,0.924775445942998
0.809588070497848,0.241411959487125,0.69214639267594,0.933493525897,0.912330539249238
0.874262480068506,0.0671185573008533,0.723860146280315,0.935456129573109,0.929891003627833
0.889415781024733,0.234694672152566,0.73555111663219,0.935526273729231,0.916668711456771
0.862256731812775,0.206366172689471,0.710489373922985,0.935746338126712,0.918602563093014
0.774418246543249,0.341023265133638,0.682348361581096,0.931596668104022,0.900801388018448
0.758074190190388,0.153390064950651,0.673868146752909,0.931032155625683,0.916641895049768
0.723436182407011,0.243692863091296,0.706585191023308,0.924733831955097,0.901336567909637
1.00343439930415,0.384833040252434,0.669329592679127,0.947340595511931,0.919501152219524
0.65876336685394,0.429391397149331,0.650020553256912,0.924020244967617,0.879859395857896
0.781684010039891,0.30005808462855,0.676438131783563,0.932737205345033,0.905713614616398
0.772244883909549,0.199329423810118,0.685676008938885,0.931105941965574,0.912824043425447
0.710501226029773,0.507055332230233,0.69057202754152,0.925072909632368,0.876833459017941
0.828330388117881,0.526447896651135,0.679226295461759,0.936037848977771,0.891825474664109
0.927485246403873,0.471314381347525,0.722959386404438,0.939005090495389,0.903094417835245
0.7205367197931,0.0932520048463183,0.719466481812196,0.923182402660458,0.914081317801138
0.723470909477067,0.533198241625447,0.654440913058516,0.929902048394484,0.879663162552537
0.697123453145209,0.251533349428037,0.692627007564903,0.923535138517389,0.898582525750147
0.713198737967478,0.10062031223036,0.648477485361586,0.929565854104736,0.919516605563131
0.800124254422456,0.44875676547246,0.687164689389922,0.933211421725958,0.894209014134153
0.957017306123227,0.29670830055118,0.664218588434593,0.945324721563566,0.922786942627041
0.57644576248664,0.170715051599698,0.718437021467346,0.905911846488445,0.886101078104235
0.749118753332022,0.148620282922278,0.673052119562737,0.930343729827322,0.916250714325979
0.73136495437667,0.292091412676483,0.670946622158654,0.928980262049283,0.901119544768929
0.51796040457131,0.349384659710901,0.693635767765612,0.89960636238582,0.856304481558406
0.776321560547367,0.187596810624735,0.716699470148167,0.928562640146685,0.91151833997397
0.605508274937941,0.22283149920797,0.669147633541761,0.91567399991346,0.890663084428019
1.03985959144258,0.199419145104067,0.724959259729729,0.945092464177786,0.931030400367965
0.900500617267548,0.167277805019031,0.715984687882075,0.937859297075284,0.924438181302267
0.582967378969711,0.138750488057307,0.735492051447919,0.904865802479013,0.888912441947775
0.796961487996077,0.205720811298702,0.696721871875136,0.932095103792989,0.913773709037573
0.987235640676636,0.419853689719839,0.680354105092474,0.945689771544536,0.915022416037809
0.772650517980551,0.334873105108062,0.722337178306793,0.927723952936763,0.89764656843189
0.772647599739885,0.322428080187554,0.685109171798071,0.931192386929409,0.901983946002034
1.04863382167251,0.6591034777811,0.736236527118421,0.944726333411681,0.900182744938147
0.662246453198969,0.42934078961877,0.716661699811037,0.917279177630142,0.873968157945585
0.601513700518564,0.373743335670502,0.674645856308257,0.914523999200772,0.873176992137709
0.713179514574885,0.335807845225643,0.68628531941465,0.925762365599686,0.893312445032397
0.64318212660498,0.361836692085109,0.708230189026956,0.915951192826807,0.878238945314453
0.841797177236963,0.259609009753249,0.662213232103776,0.938477628533577,0.916375781109698
0.817265019448137,0.302109458210273,0.6829437876242,0.934896500150341,0.908725728763015
0.752177908598222,0.0723693654994832,0.718856043613987,0.926233277430536,0.919405483353525
0.76496188610979,0.660089712387279,0.726315267057992,0.926678206535704,0.868785552393747
0.761825185625137,0.391993170619942,0.718458492491417,0.927136692774874,0.89168812596997
0.791628144743728,0.271442521777853,0.700352976074037,0.931337207840717,0.90719467368067
0.921954493590874,0.104666823401988,0.725437265419329,0.93846433444679,0.93020557111758
0.815266095340493,0.172027381973899,0.704064093864071,0.932864801740889,0.917809542846767
0.609981948944151,0.162456603569041,0.707752871731524,0.911834360021404,0.893747224216618
1.13037149061675,0.15553554140017,0.746555060671073,0.947833527690879,0.937642997379249
0.963177254723128,0.12060621864349,0.64552305493543,0.947104100082224,0.937835658959961
0.527820509854239,0.381337658851331,0.711525694096126,0.89900807039748,0.852846895763768
0.720878735354283,0.260299857582591,0.68205109159028,0.926917323139157,0.901765747128879
0.876236610276573,0.182690869338819,0.71114768070951,0.936651656513203,0.921652748901349
0.685062271839067,0.197577369878315,0.729049035270479,0.918540153200222,0.898700278477784
0.788504386182289,0.267400024923981,0.680901667749923,0.932869492705901,0.908907837053438
0.7285150660209,0.345667572783714,0.708221291720845,0.925059136592503,0.892417173271344
0.791113002848352,0.281943027858443,0.722166556681747,0.929306939487585,0.904347428130697
0.993282773540299,0.184278258250081,0.685415162369168,0.945622722838834,0.931997222256047
0.668215161900223,0.112338927998325,0.666712593184632,0.923236616740846,0.91144760413444
0.667204899622421,0.231716898483185,0.736957981158063,0.915712815712034,0.892071258801686
0.789279019497096,0.358982388121787,0.649216583102166,0.935851743965186,0.903793651435176
1.0047455626598,0.319949722285605,0.710025568513236,0.944385751712096,0.921297361790882
0.625797983015733,0.131584423879302,0.653196614295878,0.919978583078357,0.905383738143048
0.726943181083401,0.126944031010922,0.710010069111654,0.924733874313626,0.91245499330856
0.8286411832849,0.0724725930191962,0.701589218336087,0.934093890148013,0.92777762335911
0.621382110345281,0.216432038700535,0.667144745477224,0.91787704173332,0.894057600715435
0.74246745575063,0.338310319501296,0.717954127893503,0.925427225624913,0.894011859245345
0.920732197426919,0.241690826961658,0.651586210335838,0.944310644305485,0.925199104468225
1.10053426284269,0.192428210034634,0.711844654392,0.948855326113704,0.935915731424601
0.705667594516336,0.134577156190738,0.731262596836799,0.920508659898883,0.907236598967665
0.789788566613262,0.687877917197354,0.69325158487435,0.931838457095106,0.872807684114845
0.481998958136628,0.120402472744295,0.706312897348191,0.891174082189839,0.874942893874746
0.900225377665165,0.164412310765525,0.711572090477752,0.938200886272807,0.924992916049751
0.741287195430553,0.255460740921704,0.740934751248998,0.923110683996859,0.89927098425596
0.853961107234551,0.314978564644518,0.769919343575895,0.930118207047957,0.904266093519656
0.669354431298365,0.271274147121074,0.723463206270085,0.917372471341153,0.889804099140393
0.803348944777728,0.279718503787792,0.700763893531248,0.93223409743586,0.907681679045151
0.911198027846638,0.199375596271353,0.666336821772087,0.942560701845182,0.92663509264862
0.801878217795127,0.162443460111223,0.642344688448493,0.937423089035609,0.922819322063948
0.882740045231827,0.161364856152636,0.705168272609979,0.937584950805904,0.924382420113313
0.745662823074725,0.407790239132417,0.68883174747931,0.928520590336997,0.890824460732512
0.752365385542303,0.442836287983749,0.721294098364965,0.926018680336116,0.885785757010872
0.748183227679865,0.332619588745341,0.623130673259966,0.935099542266687,0.903789493728343
0.893895283745059,0.264509843889187,0.682463368759159,0.940183101043242,0.918879886871545
0.926806714509888,0.418595852774747,0.650141639925342,0.944771367753948,0.912329709543834
0.515450730276518,0.156183480509778,0.655455712955602,0.904185250968073,0.884002625324513
1.03399657041463,0.183762872444276,0.624764560835591,0.952061856805998,0.938824327717867
1.03482800463514,0.376560203536778,0.682206856247304,0.947923708860519,0.921437235003436
0.685518821607442,0.220442960256191,0.726745901380629,0.918826293569561,0.896746316344325
1.18745324042214,0.359884936524405,0.683180540386737,0.95424911591718,0.931792370155891
0.946887808004926,0.186580333490638,0.671732915714822,0.944182205758819,0.92976715729208
0.803420435530058,0.496814770208986,0.689357373973144,0.933269069885924,0.890445337561126
0.810037680978246,0.154588711517746,0.693606352351663,0.933397114031272,0.919744216552935
0.569872375905942,0.282526693884387,0.693555310155829,0.907919129488195,0.87509428697432
0.784188435868004,0.159455674411819,0.64762408424763,0.935610313302793,0.921008826119987
0.772213514593948,0.305381795860534,0.727741676705382,0.927184355459442,0.899693688923672
0.583612791546371,0.178515948625869,0.716936188427807,0.907136102724682,0.886634489014806
0.963010280581037,0.186398670857011,0.670565694091382,0.945155578035691,0.930962836688516
0.6021969875301,0.0710394722205449,0.687139461311175,0.91316874028502,0.90504416419921
0.669206523266187,0.0894929307774524,0.687221810203927,0.921169367705173,0.91180904753625
0.783632463708982,0.339667269426745,0.721789772799149,0.928714791934785,0.89857120736157
0.696586738392355,0.37638332008864,0.664425553567483,0.926366927845344,0.889273881703546
0.942587230403146,0.279298693871165,0.691879649626696,0.942357419704504,0.920928143318367
0.668356948946409,0.401220668545616,0.677675399344759,0.922087996050193,0.881429301048876
0.709169461157046,0.2008232402458,0.746897958244416,0.919314736327098,0.899794271969638
0.896913279484398,0.463321555017431,0.67759222900254,0.940772765709973,0.904156086778686
0.85860508343858,0.206014419030049,0.66156415720597,0.939664869467162,0.922335418907675
0.989313015316461,0.145254005977082,0.753218385847047,0.940339017580433,0.929643202037956
0.756282771771402,0.149935700097868,0.693055614363578,0.929051620867539,0.915007196179384
0.68347636503113,0.213031930820452,0.696168567555166,0.921760219239829,0.900207574004293
0.750985600375947,0.194344632256429,0.696249144120093,0.928281451534089,0.910063026193755
0.827693489651282,0.200890626809175,0.714349475071367,0.932903961104062,0.915627114759759
1.06771784156404,0.0939202040582726,0.701096892860726,0.948119588076509,0.94157564343962
0.986896245882143,0.528947547167515,0.708924837056058,0.943519524952026,0.905365977293044
0.874053940562059,0.266121891285429,0.715247782129459,0.936160792498271,0.91444043397463
0.898755970223736,0.128042091344054,0.675010367675937,0.941098993264998,0.930700391886393
1.0460817000055,0.184989481674594,0.651768613556994,0.950641347829892,0.937507510282934
0.771925796427896,0.174361791293979,0.685708562273391,0.93107637972236,0.91503950723447
0.531648380460802,0.271107034101737,0.676755450326808,0.904095231880614,0.870645652638067
0.680251255082983,0.347995590263306,0.682935865932486,0.922796783344848,0.887868451891897
0.891180213383657,0.295726420161038,0.72161202513577,0.936788168011202,0.913133385312076
0.702110839583356,0.178326296933557,0.634091990494798,0.930007456776974,0.912054512035358
0.657490962817303,0.158204552044402,0.709182432178657,0.917528046236793,0.900952449958488
0.876329864210368,0.286528427123764,0.701434092613737,0.937469060218875,0.914119496373292
0.702971672201554,0.0958769749115385,0.701654037782324,0.923210034176265,0.91362346930109
0.861669195750307,0.267789407495915,0.645672049224176,0.941226147785659,0.918828620263847
0.797926306157637,0.215172170959775,0.717778890816423,0.930264622230027,0.911215727379285
0.65900009268312,0.354582258380508,0.651941595387369,0.923838088915047,0.887091700611006
1.00985446153069,0.512782955948643,0.65738918465886,0.948543552844197,0.91194049853032
0.747316798851028,0.388146189001179,0.653008492694663,0.932125414872668,0.895977696991832
0.512389226189442,0.417452242171722,0.673273130115838,0.901307729076429,0.849334756760668
0.80857930011672,0.111717774750984,0.717747660496293,0.931122888929275,0.921246430675777
0.923509119724937,0.289776924709489,0.702224987611751,0.940410297066666,0.917840586056736
0.725371228475356,0.430936475435696,0.66906162309328,0.928622131006678,0.88780627369484
0.905406535101593,0.236464874301228,0.694964384430234,0.939881156161518,0.921040609994045
0.717058750859533,0.162738768553776,0.726955382998841,0.922097959810051,0.906292737814737
0.767804290031079,0.405937429022544,0.742693950957554,0.925404963489871,0.889152670752228
0.820497524317627,0.25019844325567,0.764510249268744,0.927947631937233,0.906570418480474
0.937133662731902,0.318558215389708,0.701443047725755,0.941287328350186,0.916840527217249
0.877632728426388,0.123049258085409,0.678112565603803,0.939506655433907,0.929305640644752
0.717431391558275,0.118885647134871,0.688319205115144,0.925967248360631,0.914276535218708
0.882212463402813,0.0747841063853293,0.685458693935957,0.939189301636121,0.932999320325634
0.645650782426412,0.207620407453843,0.68884215396221,0.918351237994736,0.896294035339694
0.994390343938741,0.189595641806927,0.686025256098006,0.945634277226283,0.931636473664217
0.864268919162534,0.550941207728449,0.639410902880951,0.941927896750254,0.897042428535263
1.0235447727387,0.194913488417636,0.687556513322093,0.946989086998403,0.93296851392995
0.826518131517489,0.2960990564854,0.663291758983976,0.937315959581256,0.911801309557452
0.560156713121221,0.290905663643679,0.68625498073871,0.907364683434765,0.87308021625482
0.925631877961672,0.173557389847238,0.726803207409765,0.938585472605306,0.925019581846797
0.756167196782957,0.140180402664066,0.666088085507997,0.931613796032568,0.918396147835163
0.7723012166433,0.154678066666127,0.735682318705247,0.9264560149814,0.912348633789887
0.721456720367376,0.295600350975124,0.764608076028278,0.918849408160441,0.89089912023195
0.870421613222362,0.296049910502202,0.63631305980599,0.942578136012724,0.918051475690271
0.785704139262208,0.455972760476713,0.777393419889788,0.923828593781481,0.884319313187962
0.887929619351434,0.262956927912184,0.661764499253762,0.94152432788594,0.920144105296194
0.932767619391371,0.209867288763709,0.728101468733401,0.938924389053988,0.922681161866235
0.653555550497529,0.463407470417206,0.737419947502641,0.914054486174833,0.867216430425273
0.65783052616851,0.32818713640904,0.683871996152376,0.920274552699226,0.886362425233171
0.72554460094247,0.264892186682433,0.604186210518686,0.935108550331856,0.909240448421114
0.753505338604271,0.275166244463588,0.77207272154423,0.921330552194834,0.896203041679805
0.896704029851495,0.295720915667374,0.715734493758534,0.937633052471339,0.914078858493051
1.14461066194418,0.135153668160351,0.675814049868079,0.953104753933654,0.944249193271747
0.852561608896063,0.182614030639976,0.637575051406118,0.941336344312907,0.925780979372065
0.684413674813261,0.510208810593326,0.744663320837871,0.916868241327847,0.867459459473719
0.94384832886061,0.341637101768848,0.720351251648235,0.940202599419716,0.914273980808043
0.610196116622933,0.128738501408474,0.650909506336786,0.918363471263149,0.903770936518174
0.942258298630045,0.157291989452447,0.716377958309953,0.940418405921644,0.928274650832548
0.764651193932644,0.207211801959324,0.766352691007601,0.922918948192604,0.90407644544381
0.76201892851129,0.218262920738674,0.722096918914722,0.926811960113354,0.906752766241044
0.653073295538759,0.289462963626248,0.672061905848074,0.921016978479107,0.890715995307922
0.781278686864947,0.10468094045031,0.724941164228213,0.928225675310724,0.918704082261114
0.837707633640976,0.215453863914215,0.708633148440542,0.934148784187254,0.915812837070756
0.861499572603848,0.257738228662003,0.721963074417966,0.934722801120505,0.913436331211789
0.700087576988573,0.356576385084619,0.708351456737237,0.922239524928026,0.887499447422982
0.940302596708778,0.213430264575747,0.676008407864842,0.943475854435221,0.926933905362692
0.816238878027366,0.261766608363083,0.723011439117172,0.931258810873726,0.908644664504113
0.942210590680845,0.0676867766425789,0.694318316976914,0.942144216216707,0.936860168068384
0.968445820445376,0.222464279496184,0.688782683007342,0.944047500591811,0.927289852496261
0.651790700866766,0.452272133857921,0.697953043101096,0.918075257995444,0.871794260287186
0.837527640739039,0.304391915893161,0.686871009781964,0.93602886812705,0.910224658640386
0.780852493562084,0.150303912745683,0.694442470363622,0.931001979673068,0.917303148062598
0.895895731197318,0.105562047120345,0.714293235274944,0.937698158046505,0.929143260077586
0.746702066587705,0.211478944608807,0.688292349475428,0.928664884784145,0.908747119673357
0.801987093508588,0.103627582603286,0.719936047605616,0.930399141687769,0.921170536184233
0.860359836083677,0.273914009203722,0.68392443100553,0.937871605459132,0.915101475282372
0.639446487668735,0.19316293844008,0.659848384843289,0.920816986153066,0.89995608848915
0.83492204895575,0.0864071131694213,0.718660491494212,0.9330714386698,0.925622896101658
0.654334852897561,0.222861045241852,0.751970682803336,0.912602086078075,0.889560632371483
0.860641849586457,0.224698911155196,0.731059185695391,0.933893212763495,0.915295656462964
1.24730720740248,0.334310440989486,0.698564322034662,0.955409604348335,0.935447591695918
1.13730127128241,0.213980533788738,0.691192512718676,0.951795677583737,0.937800713668771
0.850847163959272,0.296619114980736,0.670814980412915,0.938349769784232,0.913448853962464
0.776074213010029,0.245458959375187,0.685825066457073,0.931408683640481,0.909091355444789
0.770922781171714,0.212763293818255,0.698851441597448,0.929763143486504,0.910297873397722
0.800312834466967,0.233250234745729,0.716617799755956,0.930562792434638,0.909996015569629
0.658972807943158,0.259720850820446,0.696516404538205,0.919049161344093,0.89212016448725
0.899863026503945,0.154830162635742,0.729669929747848,0.936704695663978,0.924290767487832
0.550653600254734,0.158999656631911,0.747304872730688,0.898397032251363,0.87938691630291
0.684534199127045,0.287338750224494,0.696736025742578,0.921812975202732,0.893017735174607
0.822031201424113,0.369171927928041,0.691651727506594,0.934478020608098,0.902901196994998
0.776211128505514,0.155248357941134,0.699371214421255,0.930159989391933,0.915959612098887
1.10124118857546,0.13829528171537,0.678807616894987,0.951142782336371,0.94176859578825
0.782476991955639,0.189914127143001,0.631453786146989,0.93698806610311,0.919561205791723
0.884522933447021,0.524700074362904,0.725962270278698,0.935983503688171,0.894591746497425
0.749610748457514,0.367810055164814,0.652891726373531,0.932330349176051,0.898093186244396
0.780797691502912,0.230415720062933,0.747803704397791,0.926087188593368,0.905465876131415
0.605125634802561,0.182796193711383,0.702571124013958,0.911782499042838,0.891324302293755
0.522147032593095,0.252892261337837,0.68773390984535,0.901095264559113,0.869473328838989
0.906117799048514,0.382933052505001,0.688418157441308,0.940457691085318,0.910307885670692
0.709882185082467,0.285421387623934,0.681494323726695,0.925925178544433,0.898063832757865
1.07439749144299,0.156000014455562,0.698396093257512,0.948613967797766,0.937849291453924
0.811989210973006,0.341394054498399,0.674622835840381,0.935247562959173,0.905573650495636
0.80918730035608,0.306491506549394,0.718316489008218,0.931120288221558,0.904536312268957
0.918872455196164,0.163203240384659,0.717564733018472,0.938899638652175,0.926030871715197
0.893132922768102,0.174876195414156,0.649056287484526,0.942898196937004,0.92861148761352
0.686449043623114,0.441768087368569,0.62371344807732,0.929612202852476,0.885467438683196
0.71590645689778,0.176357275176157,0.696950536675904,0.924960869730098,0.907724987976725
0.793860746545604,0.414466551314187,0.684478498062649,0.932965291827185,0.896572544994391
0.73399392110892,0.257928926992392,0.71834250416556,0.924593514824271,0.900219580305117
0.542450887580244,0.0477448472571844,0.719714767076594,0.900442346002101,0.89453438272855
0.786502832841097,0.202240862300978,0.697914256517912,0.931144650775438,0.912929130141891
0.955147538629655,0.224227052499061,0.636367688680581,0.947399535310899,0.930159938706498
0.938574181490618,0.338337534392519,0.761655122706154,0.936658301526915,0.911024582875948
0.768694008340479,0.226925685244038,0.754023612155879,0.924434051444506,0.903878232879628
0.867443387482382,0.207770048329984,0.745029430498012,0.933207275624716,0.916142456861701
0.714758039457623,0.268273512193697,0.677991607917528,0.926743905411399,0.900637489103966
0.716645096773386,0.125606197969645,0.718172375863079,0.922925623531464,0.910649990946136
0.735793875238869,0.139408597470783,0.737129003526666,0.922948097897529,0.909691756450639
0.756505798995862,0.330874798646646,0.707343297961565,0.92771451688258,0.897371631869175
0.802578809066867,0.310235557960268,0.684652894520179,0.933629358717035,0.90637079052998
0.681690926770203,0.158676415375118,0.687062415128018,0.922517759970892,0.906300019496437
0.809131100604791,0.300198719053049,0.72366034501966,0.930638920197304,0.904610283254173
0.911719871429886,0.26932470396731,0.690112044378275,0.940664874180984,0.919375572693708
0.979061841379309,0.145827327700255,0.700275612161205,0.943748524699174,0.932821488679275
0.526894411384978,0.25707851448434,0.695028900237637,0.900961458026783,0.869123256492305
0.723145509981533,0.171594003666993,0.640213578958794,0.931292514707318,0.914452501341542
0.826542581876444,0.265009437610434,0.665957150312549,0.937081661359351,0.914192496193602
0.721299739006103,0.320401590889926,0.710635087365919,0.924127964079169,0.893560887451289
0.825253876305247,0.377686393623382,0.692138477258266,0.934674243279311,0.9025027421543
0.853417164178657,0.134704638751768,0.70408264062675,0.935671362227813,0.924295764326227
