"Item","Rater","ratings_per_person","gcoef","dcoef","relative_error","absolute_error","formula_difference"
4,2,8,0.851037536434727,0.815301736771634,0.181358225825822,0.234721878614001,0
8,2,16,0.898439042506104,0.866528030038405,0.117124378270636,0.15959400851673,0
12,2,24,0.915435161361614,0.885064552273019,0.0957130957522402,0.134551385150973,0
16,2,32,0.924176665069644,0.894633424712306,0.0850074544930425,0.122030073468095,0
4,4,16,0.893912686780733,0.869248706262826,0.122963857163004,0.155851529956785,0
8,4,32,0.932748416929798,0.912750368010388,0.0747045612603646,0.0990422995832574,0
12,4,48,0.946454548027804,0.928234912652817,0.058618129292818,0.0801058894587481,0
16,4,64,0.953459783605576,0.936175888546899,0.0505749133090447,0.0706376843964935,0
4,6,24,0.909180820361145,0.888853284903325,0.103499067608732,0.129561413737713,0
8,6,48,0.944774693306608,0.929273469744334,0.0605646222569409,0.0788583966054332,0
12,6,72,0.957266830245563,0.94357636682398,0.0462531404730106,0.0619573908946731,0
16,6,96,0.963637604675923,0.950894202940637,0.0390973995810454,0.0535068880392931,0
