"Person","Item","Rater","Score"
1,1,1,50.061196134049
2,1,1,50.588903018043
3,1,1,51.9400063531437
4,1,1,47.3199176228452
5,1,1,49.7250761797784
6,1,1,47.4681621769386
7,1,1,49.2748353506157
8,1,1,51.1458287209514
9,1,1,49.6000325595024
10,1,1,50.5312902125982
11,1,1,50.9495165813707
12,1,1,47.7132785774076
13,1,1,50.9763876078184
14,1,1,48.7737540350478
15,1,1,50.8157191857677
16,1,1,49.6280703159246
17,1,1,50.0479892113337
18,1,1,50.8347641808246
19,1,1,49.3979377529383
20,1,1,50.3542974321615
21,1,1,51.5549710955155
22,1,1,49.4107551392053
23,1,1,50.767133963956
24,1,1,49.3192180271813
25,1,1,50.6170623375656
26,1,1,47.8818455244516
27,1,1,52.8556581907851
28,1,1,49.2643492713646
29,1,1,49.790166965958
30,1,1,48.3107605949769
31,1,1,48.7454853836057
32,1,1,51.9545248758242
33,1,1,50.6250626834144
34,1,1,47.4924801965292
35,1,1,51.3648721448125
36,1,1,50.5829063645147
37,1,1,48.390247445015
38,1,1,49.7991362502078
39,1,1,48.0991871992788
40,1,1,49.4474702707164
41,1,1,51.6687976652136
42,1,1,51.3310274235892
43,1,1,51.8522110882542
44,1,1,50.3060589922903
45,1,1,49.6011794028239
46,1,1,47.4574962999039
47,1,1,50.8665605395303
48,1,1,51.3403757545104
49,1,1,52.2849000150464
50,1,1,52.5055362676209
51,1,1,51.9762686386957
52,1,1,50.0090002005527
53,1,1,51.8311424223367
54,1,1,49.6325815785599
55,1,1,51.5829709585495
56,1,1,48.0298208931797
57,1,1,50.0340323502274
58,1,1,49.8455113128329
59,1,1,49.1107878573807
60,1,1,49.2774308590861
61,1,1,51.6839630286157
62,1,1,48.8209816953046
63,1,1,48.2101692533058
64,1,1,48.6242553443027
65,1,1,50.2620621132886
66,1,1,51.0685612197818
67,1,1,47.1592228110293
68,1,1,48.5470522060563
69,1,1,49.742569605341
70,1,1,50.4930817770649
71,1,1,52.4504001623671
72,1,1,49.6936851241669
73,1,1,51.8904413469961
74,1,1,50.9444467054397
75,1,1,50.3006376997418
76,1,1,49.4112691669461
77,1,1,46.5738985102359
78,1,1,50.479648687876
79,1,1,51.7993847959188
80,1,1,48.863309189347
1,2,1,51.3576889781557
2,2,1,49.0984672712831
3,2,1,51.7493674540731
4,2,1,47.450470121706
5,2,1,51.0415129598041
6,2,1,49.4971722624621
7,2,1,50.3129355227276
8,2,1,49.8907559304497
9,2,1,48.9518521089383
10,2,1,51.1608744073027
11,2,1,51.8136728280352
12,2,1,48.1644041236483
13,2,1,49.943792225739
14,2,1,49.2872981755854
15,2,1,51.0499469532252
16,2,1,50.7148499004806
17,2,1,48.4356870474626
18,2,1,51.0202948123634
19,2,1,50.9280200903626
20,2,1,50.1160939040568
21,2,1,51.6767973319913
22,2,1,49.6327977688763
23,2,1,49.8439226482214
24,2,1,49.0580830012136
25,2,1,49.9865892596636
26,2,1,48.5101182135499
27,2,1,51.6910460683959
28,2,1,49.4493169775509
29,2,1,51.2053231286839
30,2,1,49.3773131126474
31,2,1,49.9933253382256
32,2,1,52.044667923664
33,2,1,49.9791707263374
34,2,1,48.216763879317
35,2,1,49.6272155984424
36,2,1,50.5019844206174
37,2,1,49.1314449172588
38,2,1,50.8513533310866
39,2,1,50.499053193883
40,2,1,49.0238837176412
41,2,1,50.6130655832862
42,2,1,49.7204667179618
43,2,1,52.7136863984842
44,2,1,49.8905184664069
45,2,1,49.1193878178605
46,2,1,47.9638674927415
47,2,1,51.37023708631
48,2,1,52.1076723305577
49,2,1,53.5676655836318
50,2,1,51.7008256101978
51,2,1,50.4005339358666
52,2,1,50.5470915276735
53,2,1,50.3331011141826
54,2,1,51.3485040095763
55,2,1,51.8746396164075
56,2,1,47.8796854311366
57,2,1,51.535310200681
58,2,1,50.0858981632401
59,2,1,48.1494241298236
60,2,1,49.3011569955814
61,2,1,52.2543649019764
62,2,1,51.5402766141156
63,2,1,49.6713552560608
64,2,1,50.0611010076668
65,2,1,51.8884943307272
66,2,1,50.5587183201307
67,2,1,49.8656825230861
68,2,1,49.8079215612095
69,2,1,48.9708969342303
70,2,1,50.8950556344756
71,2,1,51.0524434011454
72,2,1,49.5802407680885
73,2,1,51.402873720275
74,2,1,51.3237999642149
75,2,1,50.9555924837809
76,2,1,51.83034427492
77,2,1,48.0180926155713
78,2,1,49.5999568073314
79,2,1,52.0743124870535
80,2,1,50.695242737728
1,3,1,49.163228457892
2,3,1,49.4363668081273
3,3,1,51.4460200510343
4,3,1,48.0871147516223
5,3,1,49.9190747069317
6,3,1,49.1789912410372
7,3,1,52.6732043958193
8,3,1,51.0506682041034
9,3,1,49.8146360686767
10,3,1,51.1811712916557
11,3,1,51.6253470507668
12,3,1,47.4331817028162
13,3,1,50.8190196924848
14,3,1,49.621465079988
15,3,1,53.8834538234674
16,3,1,49.8805467812628
17,3,1,50.3595667693928
18,3,1,51.394218615794
19,3,1,51.1668855367636
20,3,1,49.6947412798493
21,3,1,52.9807570205597
22,3,1,49.8218840023814
23,3,1,50.7524603794509
24,3,1,48.7723313283298
25,3,1,49.8465496958009
26,3,1,51.0895723660471
27,3,1,52.5918406363147
28,3,1,49.1026921933604
29,3,1,51.9476270160105
30,3,1,47.5902966733941
31,3,1,50.2575944901867
32,3,1,52.3670683314001
33,3,1,50.374688692019
34,3,1,48.7786153837833
35,3,1,51.7281761385098
36,3,1,49.172831404855
37,3,1,49.5460099574332
38,3,1,52.184634273358
39,3,1,53.0591322396915
40,3,1,47.9161198289292
41,3,1,52.137779126031
42,3,1,51.7858111073475
43,3,1,50.8953649784477
44,3,1,50.7401725010285
45,3,1,49.2806850957879
46,3,1,47.5055132754631
47,3,1,50.5427069263266
48,3,1,51.5382211245692
49,3,1,52.3566420377948
50,3,1,53.8755940367497
51,3,1,52.4729127002399
52,3,1,51.6434603095279
53,3,1,51.3048125826693
54,3,1,51.8624825492152
55,3,1,50.062551475927
56,3,1,50.500184198887
57,3,1,49.4660166973774
58,3,1,52.3420060214593
59,3,1,48.1730467249051
60,3,1,48.7149770678076
61,3,1,52.7261628365098
62,3,1,49.2425067582057
63,3,1,50.3374652481886
64,3,1,48.4247998973115
65,3,1,49.4262565447884
66,3,1,48.7807273055819
67,3,1,48.4058117124654
68,3,1,50.1737833718661
69,3,1,49.0930463265916
70,3,1,51.0063418615652
71,3,1,51.1376952029601
72,3,1,51.0029238698695
73,3,1,50.5878656423917
74,3,1,51.9895121381432
75,3,1,50.4134273899651
76,3,1,50.0013658306769
77,3,1,46.9921403422423
78,3,1,49.3873459545747
79,3,1,52.1316822012189
80,3,1,50.3937832477487
1,4,1,50.1066507714134
2,4,1,50.5691382313467
3,4,1,51.9269886820528
4,4,1,45.9411238460766
5,4,1,48.2092700174115
6,4,1,48.8256394482656
7,4,1,51.1340642009309
8,4,1,50.4430871844938
9,4,1,49.4934183697729
10,4,1,50.3620417587412
11,4,1,50.0925303826948
12,4,1,46.4447336277625
13,4,1,50.0264081269483
14,4,1,50.0430536893269
15,4,1,51.2252023597998
16,4,1,50.3860498836305
17,4,1,49.8575145634654
18,4,1,51.257360939968
19,4,1,49.9997797869929
20,4,1,49.4565219935048
21,4,1,51.8841180050399
22,4,1,50.7053137993527
23,4,1,50.8058030680326
24,4,1,48.9815041146058
25,4,1,49.2287016666091
26,4,1,50.5969665305741
27,4,1,52.7853060970724
28,4,1,49.2714237687058
29,4,1,51.1595144890625
30,4,1,46.5984491097882
31,4,1,50.58948730989
32,4,1,49.0076643612974
33,4,1,50.8409561536568
34,4,1,48.6132634087226
35,4,1,50.463579885603
36,4,1,48.6687519691647
37,4,1,49.5416463495349
38,4,1,51.924427376947
39,4,1,50.7575552890298
40,4,1,48.251956309579
41,4,1,51.0661066235741
42,4,1,49.3733849376233
43,4,1,52.7863664037333
44,4,1,49.8477699013593
45,4,1,48.1308200367587
46,4,1,48.4677139739554
47,4,1,49.4143313638154
48,4,1,49.7350029310105
49,4,1,51.9284397201038
50,4,1,52.2572548050992
51,4,1,50.9580512001648
52,4,1,52.4278733781417
53,4,1,49.7838742889136
54,4,1,52.6690074715038
55,4,1,51.9668085984685
56,4,1,49.4004746562677
57,4,1,51.5062847004686
58,4,1,52.8291429989281
59,4,1,48.943956024357
60,4,1,48.5674467933898
61,4,1,51.4993700064186
62,4,1,49.4767788774388
63,4,1,50.9887772056294
64,4,1,49.4284153403259
65,4,1,49.252881982544
66,4,1,50.1713368656963
67,4,1,47.7592509513586
68,4,1,49.4412876753904
69,4,1,48.1936593050468
70,4,1,49.9976562147287
71,4,1,48.9623284476749
72,4,1,50.1481913320622
73,4,1,50.9854410257768
74,4,1,50.3291035634718
75,4,1,50.3792021887898
76,4,1,50.7256192629545
77,4,1,47.5310373721592
78,4,1,48.1406476292839
79,4,1,51.1406190687565
80,4,1,51.4665862843011
1,5,1,51.3008249470724
2,5,1,50.2670600679855
3,5,1,51.5688017131963
4,5,1,47.816748587359
5,5,1,49.2113072442339
6,5,1,48.2568308088044
7,5,1,52.7491445010508
8,5,1,50.0808567860001
9,5,1,48.4474586310057
10,5,1,49.5264475994844
11,5,1,49.0473011245851
12,5,1,48.2246309144629
13,5,1,51.8582499341418
14,5,1,48.4253128590346
15,5,1,50.8341558512794
16,5,1,49.9329161635073
17,5,1,49.2380097615785
18,5,1,49.7230249141856
19,5,1,51.0282331164898
20,5,1,50.2297905740091
21,5,1,51.4125817265448
22,5,1,51.1622058373857
23,5,1,49.5130605789548
24,5,1,49.826003556792
25,5,1,48.9450521049285
26,5,1,46.9533253891067
27,5,1,51.8966149631357
28,5,1,50.7149753002697
29,5,1,50.8322306733824
30,5,1,49.9984533701872
31,5,1,50.7472036686152
32,5,1,50.3797334091991
33,5,1,51.0239574943925
34,5,1,47.8749921626759
35,5,1,49.2470801921831
36,5,1,47.5400189815199
37,5,1,50.2534186076365
38,5,1,50.3001870159849
39,5,1,49.0644872363344
40,5,1,49.013307919955
41,5,1,50.5644040355612
42,5,1,50.1829211897708
43,5,1,53.2948970735005
44,5,1,49.5463191558432
45,5,1,50.3123630526797
46,5,1,49.6159086358088
47,5,1,48.8680017116775
48,5,1,51.9238068142299
49,5,1,51.7353996183282
50,5,1,52.9793337094235
51,5,1,50.0667892303718
52,5,1,51.684790741386
53,5,1,50.7994647829272
54,5,1,51.927598301617
55,5,1,50.950425512776
56,5,1,49.8613675253314
57,5,1,49.5450812644266
58,5,1,51.132727433184
59,5,1,49.937651843269
60,5,1,49.4924123996722
61,5,1,52.2300936078992
62,5,1,48.778650109485
63,5,1,50.5956907026062
64,5,1,48.8674259409981
65,5,1,49.0072708211529
66,5,1,51.7604118122767
67,5,1,48.0514832168451
68,5,1,47.837294734015
69,5,1,49.3502418071043
70,5,1,50.6177946415094
71,5,1,50.5166074326959
72,5,1,50.2991764010769
73,5,1,51.2194220170153
74,5,1,53.3237392173671
75,5,1,48.6954061477717
76,5,1,51.7031552163122
77,5,1,45.5346383979219
78,5,1,49.4072641131256
79,5,1,50.6735342003974
80,5,1,50.4895315650517
1,6,1,50.3805684941821
2,6,1,49.3758664469944
3,6,1,51.4092410030766
4,6,1,46.810180977446
5,6,1,51.1691498822303
6,6,1,49.3766810730502
7,6,1,51.0461099671866
8,6,1,48.4060019697362
9,6,1,50.083269777484
10,6,1,50.5230068951223
11,6,1,49.5923752891203
12,6,1,47.4963150912819
13,6,1,47.6350741014657
14,6,1,50.4941287216844
15,6,1,52.7652339621945
16,6,1,49.5475021107604
17,6,1,49.7526981901135
18,6,1,50.732958203709
19,6,1,51.1765252623057
20,6,1,49.9062938599213
21,6,1,51.3495833095559
22,6,1,49.1256235774466
23,6,1,50.1000764391822
24,6,1,48.5914760580736
25,6,1,49.1289359899612
26,6,1,48.5580003077465
27,6,1,51.0385597669098
28,6,1,48.5086707997467
29,6,1,51.8389873766719
30,6,1,47.4864468857387
31,6,1,50.0608482328993
32,6,1,50.9922086763685
33,6,1,51.5308381067691
34,6,1,48.8852614362463
35,6,1,51.0526227891596
36,6,1,49.8721399802117
37,6,1,49.4789800944781
38,6,1,50.9100726808362
39,6,1,50.0722423999058
40,6,1,48.6859640943839
41,6,1,50.797294273274
42,6,1,50.0313927162651
43,6,1,52.0983492099254
44,6,1,50.161797756677
45,6,1,48.7329439704183
46,6,1,48.1672911018437
47,6,1,49.6721238726
48,6,1,49.949033770041
49,6,1,52.8567603441087
50,6,1,51.5015877751021
51,6,1,52.6061671684953
52,6,1,50.9798206692153
53,6,1,50.0824681600621
54,6,1,50.783067873179
55,6,1,50.7837119620891
56,6,1,49.5325009329414
57,6,1,49.5229891150604
58,6,1,50.1403853551719
59,6,1,49.2777614959217
60,6,1,50.4199239769249
61,6,1,50.9923135587933
62,6,1,50.1524755925759
63,6,1,49.3554277971323
64,6,1,47.6999231207862
65,6,1,49.2100396928684
66,6,1,49.2964373941705
67,6,1,47.7336840775423
68,6,1,49.417444161476
69,6,1,48.2244948691482
70,6,1,50.4897297013503
71,6,1,51.2362669257598
72,6,1,50.2934091822569
73,6,1,52.6777563090818
74,6,1,50.1622005725086
75,6,1,48.7674372695173
76,6,1,49.10394909543
77,6,1,46.285641863939
78,6,1,48.9363251467441
79,6,1,50.8934318181547
80,6,1,52.0653643768791
1,7,1,50.4446002229823
2,7,1,50.9271591293764
3,7,1,50.0041497313957
4,7,1,46.2501901037099
5,7,1,50.7095479426454
6,7,1,49.8189611459964
7,7,1,52.6176436410227
8,7,1,50.143824911126
9,7,1,51.262136695363
10,7,1,50.2225355881816
11,7,1,50.6558035149594
12,7,1,49.3287869429514
13,7,1,50.0940261406886
14,7,1,48.1868398446297
15,7,1,51.6648542246533
16,7,1,50.6326628137649
17,7,1,49.7366179376572
18,7,1,51.606680852682
19,7,1,50.4276425081298
20,7,1,49.9823337963577
21,7,1,53.2851530529032
22,7,1,50.5277450019299
23,7,1,50.6591555416482
24,7,1,48.5627181016818
25,7,1,49.3322010033735
26,7,1,48.6823893624452
27,7,1,53.870712668997
28,7,1,49.3520979637318
29,7,1,52.5911269168163
30,7,1,49.1422566927162
31,7,1,50.7392757554618
32,7,1,52.3864902496107
33,7,1,50.7545083419798
34,7,1,50.1521876444608
35,7,1,51.9933667952607
36,7,1,49.2207716966668
37,7,1,49.3652618090955
38,7,1,53.0458258095363
39,7,1,49.6680913131148
40,7,1,48.235689516499
41,7,1,51.3929438315568
42,7,1,50.3058326541729
43,7,1,51.3403177862411
44,7,1,51.251738298798
45,7,1,49.8075921067379
46,7,1,48.055445492139
47,7,1,49.4425165265573
48,7,1,52.6204634921222
49,7,1,52.0649483987634
50,7,1,51.9932572642734
51,7,1,52.1086739694741
52,7,1,52.2446536999253
53,7,1,52.4476735430478
54,7,1,51.4151105871328
55,7,1,51.8707159650793
56,7,1,50.872916313263
57,7,1,52.1038389980453
58,7,1,51.644180757374
59,7,1,49.0911514335427
60,7,1,49.7380584330959
61,7,1,52.2063105604834
62,7,1,50.0468994830126
63,7,1,50.513009708679
64,7,1,50.0269147942311
65,7,1,50.7582514185108
66,7,1,51.9677125095715
67,7,1,47.1574344742013
68,7,1,50.2615150784963
69,7,1,47.985438462077
70,7,1,50.3096266878135
71,7,1,50.6521723770131
72,7,1,49.795040163654
73,7,1,52.610180383167
74,7,1,50.7743585402351
75,7,1,50.7267579101481
76,7,1,48.750314788892
77,7,1,47.9389710999952
78,7,1,49.4087977269055
79,7,1,51.7993401894344
80,7,1,50.8609043544486
1,8,1,49.3802734946079
2,8,1,48.4000800154563
3,8,1,50.8190640347485
4,8,1,46.3075968127638
5,8,1,49.1760743403096
6,8,1,50.522497506169
7,8,1,50.6572243459202
8,8,1,50.9786906242043
9,8,1,50.6455665561413
10,8,1,50.4850055666669
11,8,1,50.4129886968989
12,8,1,47.3099455864877
13,8,1,50.0544315488287
14,8,1,48.9836352084384
15,8,1,51.6699681014079
16,8,1,47.9228836710177
17,8,1,48.6191438391483
18,8,1,50.4353287924569
19,8,1,52.0638085258248
20,8,1,49.5693233754128
21,8,1,51.2428109026338
22,8,1,48.7344525024242
23,8,1,49.7993575694776
24,8,1,48.1478645003168
25,8,1,49.7659773341805
26,8,1,48.6641296773197
27,8,1,52.521918474323
28,8,1,49.5207446480659
29,8,1,49.8203975045111
30,8,1,47.9998389161795
31,8,1,50.0158831756636
32,8,1,51.2701772378028
33,8,1,50.3921377810575
34,8,1,50.2451023620492
35,8,1,48.392933990231
36,8,1,50.5525720420668
37,8,1,52.0937053209826
38,8,1,52.2460079042627
39,8,1,49.5921761723765
40,8,1,47.3555720800475
41,8,1,49.8772681175813
42,8,1,49.7987952961914
43,8,1,52.4798649871366
44,8,1,51.1801326644602
45,8,1,48.2833374986827
46,8,1,49.185401995159
47,8,1,49.6318228881858
48,8,1,50.3293203645751
49,8,1,51.9065500958284
50,8,1,50.3301411895623
51,8,1,50.2569492291675
52,8,1,52.6664570061898
53,8,1,51.8500946759068
54,8,1,50.1020779740658
55,8,1,52.1627578894954
56,8,1,52.0136866649433
57,8,1,50.8122291102951
58,8,1,51.9013859129569
59,8,1,49.1605516097489
60,8,1,51.3595382772276
61,8,1,52.0171546518868
62,8,1,50.0204506348601
63,8,1,50.7432904671087
64,8,1,48.4528441625266
65,8,1,50.6470641080897
66,8,1,50.0912891622247
67,8,1,47.0505008151128
68,8,1,50.1865320415886
69,8,1,48.9007659217322
70,8,1,50.9202151033418
71,8,1,52.0189694861741
72,8,1,48.788708725476
73,8,1,51.6240597229942
74,8,1,50.7771059920195
75,8,1,50.3667831580862
76,8,1,50.1591067773503
77,8,1,48.3149706472148
78,8,1,47.4202232788679
79,8,1,51.4742718346046
80,8,1,48.7322763205888
1,1,2,49.7449314282119
2,1,2,48.7725126828397
3,1,2,51.5023464802537
4,1,2,46.7958980522262
5,1,2,49.1401458758845
6,1,2,48.5699785874852
7,1,2,51.3130326866848
8,1,2,50.2112865326873
9,1,2,48.8896662824536
10,1,2,50.712239602313
11,1,2,50.2043127472943
12,1,2,49.0732352310328
13,1,2,52.076478639997
14,1,2,49.3668337231938
15,1,2,51.5679092073937
16,1,2,50.0129760246327
17,1,2,49.6804419199704
18,1,2,50.7747367164422
19,1,2,49.8063451051916
20,1,2,49.1649064574698
21,1,2,51.3016594628844
22,1,2,48.7539067669608
23,1,2,50.1961316846697
24,1,2,48.7817009835264
25,1,2,49.2301478175383
26,1,2,49.1291505516285
27,1,2,53.098009381423
28,1,2,50.3197277587628
29,1,2,50.5722794120339
30,1,2,48.0955719193461
31,1,2,49.242547033014
32,1,2,51.0816117496874
33,1,2,49.1258822465565
34,1,2,47.5339587175706
35,1,2,50.535379387027
36,1,2,48.9508040619497
37,1,2,50.863933815245
38,1,2,50.5720332132062
39,1,2,48.9902530124256
40,1,2,48.103121195572
41,1,2,50.2298136953563
42,1,2,51.8961582063549
43,1,2,52.7247900067026
44,1,2,51.7918915424422
45,1,2,49.2754915688463
46,1,2,48.7982085366057
47,1,2,49.9725542987824
48,1,2,51.2337794304452
49,1,2,53.193399671034
50,1,2,53.2474354752401
51,1,2,52.8847603224444
52,1,2,50.7580003419176
53,1,2,51.4880720862508
54,1,2,51.3661502557986
55,1,2,52.2593316116526
56,1,2,49.2522293884096
57,1,2,50.5325625848877
58,1,2,50.3691917582393
59,1,2,48.0535657770118
60,1,2,48.3682368858345
61,1,2,52.2527521857897
62,1,2,48.8860087134982
63,1,2,49.9560525134002
64,1,2,48.6731504831407
65,1,2,51.3356110928035
66,1,2,50.7976924923707
67,1,2,47.2627981349834
68,1,2,49.812941749553
69,1,2,48.0590094967955
70,1,2,49.9518806839918
71,1,2,51.3130783758027
72,1,2,50.1962148771965
73,1,2,51.4618799992841
74,1,2,50.8267050910223
75,1,2,50.2961440282545
76,1,2,50.4927544979662
77,1,2,47.3087208076189
78,1,2,51.4402066768763
79,1,2,51.0768233445843
80,1,2,51.6277320303477
1,2,2,47.956724308746
2,2,2,48.4821483799655
3,2,2,51.0522599378162
4,2,2,46.2173841533532
5,2,2,50.2861266250571
6,2,2,50.2539413632147
7,2,2,52.4581728031625
8,2,2,48.9072569141482
9,2,2,49.1762599204165
10,2,2,49.9868776555133
11,2,2,50.7532989762842
12,2,2,49.2044861647071
13,2,2,50.7027796582759
14,2,2,49.5308763767913
15,2,2,51.3602627313933
16,2,2,50.7087779671565
17,2,2,48.6136081956998
18,2,2,50.7451222050295
19,2,2,49.8451214535187
20,2,2,48.3698736573645
21,2,2,49.9378712541113
22,2,2,48.393725219854
23,2,2,50.4091505092112
24,2,2,49.4217933739174
25,2,2,49.5191253114934
26,2,2,48.7790666128829
27,2,2,51.3005030838739
28,2,2,49.3114414429714
29,2,2,50.8750221802009
30,2,2,49.9733812781936
31,2,2,48.8533012713315
32,2,2,51.4720408391655
33,2,2,51.0328426356567
34,2,2,47.0177572024307
35,2,2,50.6999877212657
36,2,2,49.768140011974
37,2,2,50.6610884938743
38,2,2,49.0293286244732
39,2,2,50.8889392492681
40,2,2,49.0070748320036
41,2,2,50.2714810952315
42,2,2,48.6191284256264
43,2,2,50.8624676084782
44,2,2,49.8620114628498
45,2,2,48.9455855173274
46,2,2,47.4199021689496
47,2,2,49.9943847787452
48,2,2,50.5484053513379
49,2,2,52.413545064858
50,2,2,52.7075953390143
51,2,2,52.2631217028694
52,2,2,48.5301206782642
53,2,2,50.0717937115567
54,2,2,50.8632234633637
55,2,2,51.0785989748841
56,2,2,50.0475194054663
57,2,2,50.4515729020593
58,2,2,50.8912554340484
59,2,2,49.2261909614413
60,2,2,50.6018280395597
61,2,2,52.3191182745532
62,2,2,49.4091642016257
63,2,2,50.4283375792262
64,2,2,48.5142602720339
65,2,2,52.5469879216036
66,2,2,51.6354406285062
67,2,2,48.3522830350691
68,2,2,52.2611186242577
69,2,2,47.3927631974478
70,2,2,50.8213953500589
71,2,2,52.6692874598598
72,2,2,48.6634492840424
73,2,2,51.6796882835276
74,2,2,50.8517673081008
75,2,2,51.876226666884
76,2,2,50.4518784586865
77,2,2,47.3962363927116
78,2,2,49.8771428950793
79,2,2,52.0598306104269
80,2,2,51.5926160526844
1,3,2,50.0936112984177
2,3,2,49.835506646894
3,3,2,51.8643063739069
4,3,2,47.6177092773431
5,3,2,50.9705437958822
6,3,2,48.9311065406312
7,3,2,52.3316287831103
8,3,2,48.737522314944
9,3,2,50.3215429156857
10,3,2,50.8737852705761
11,3,2,52.0600188961617
12,3,2,49.3908671934859
13,3,2,49.6398188420767
14,3,2,51.1431547827499
15,3,2,52.1660010241445
16,3,2,50.5818065513914
17,3,2,50.3539289621959
18,3,2,51.3236961362373
19,3,2,49.7673305044815
20,3,2,49.8777347916856
21,3,2,50.3751387482885
22,3,2,49.3754653045074
23,3,2,50.4125886721557
24,3,2,49.8561460881955
25,3,2,48.729526101327
26,3,2,48.2221385416899
27,3,2,53.8655218606085
28,3,2,48.9638475550958
29,3,2,51.4212225176817
30,3,2,49.4837457702702
31,3,2,49.2298437801272
32,3,2,53.280493443406
33,3,2,51.7808942362733
34,3,2,50.4679374833404
35,3,2,50.7234286152956
36,3,2,49.5201074337558
37,3,2,51.1591873231715
38,3,2,51.8167171230407
39,3,2,52.9719122334187
40,3,2,47.979549404181
41,3,2,49.8115323967433
42,3,2,51.6418148134872
43,3,2,50.3386236753662
44,3,2,51.4818278189974
45,3,2,49.068740372257
46,3,2,48.0265575950129
47,3,2,50.0813412244374
48,3,2,51.1683925120741
49,3,2,52.5568931984545
50,3,2,52.7974125524949
51,3,2,52.3135901516129
52,3,2,51.0296859624124
53,3,2,49.6985987629387
54,3,2,52.0924063616739
55,3,2,49.34312577069
56,3,2,49.9916249972128
57,3,2,50.67680378575
58,3,2,50.5111468445967
59,3,2,48.4468030267989
60,3,2,49.1256788159785
61,3,2,52.0803526601056
62,3,2,48.354519601653
63,3,2,49.3931962797158
64,3,2,48.745150700973
65,3,2,50.8292807794071
66,3,2,50.3766799352543
67,3,2,48.9016248283253
68,3,2,50.7021768524302
69,3,2,46.6830265818198
70,3,2,49.2711053914445
71,3,2,52.7978326856247
72,3,2,51.3177552257798
73,3,2,51.201114557114
74,3,2,49.7840710349224
75,3,2,50.0908301435133
76,3,2,49.9445971310656
77,3,2,49.4347283426238
78,3,2,48.2312800433773
79,3,2,50.8093552158155
80,3,2,51.4309469889271
1,4,2,51.2384253727306
2,4,2,49.1698352572567
3,4,2,51.2002839120601
4,4,2,46.8186467499618
5,4,2,50.0084799360605
6,4,2,49.4028155977461
7,4,2,52.7591603992511
8,4,2,50.579127664245
9,4,2,49.2583544186879
10,4,2,50.5183073612604
11,4,2,50.8555124320498
12,4,2,47.1242459595047
13,4,2,50.8461462174627
14,4,2,51.0247197507961
15,4,2,51.4406231229482
16,4,2,51.3344500945595
17,4,2,49.9922122245841
18,4,2,51.3395273680249
19,4,2,51.1768475275449
20,4,2,50.0641326997799
21,4,2,49.8478399674052
22,4,2,49.3686842498111
23,4,2,50.6457619976511
24,4,2,50.3949832475348
25,4,2,49.1308479042326
26,4,2,50.0865339195435
27,4,2,53.825264778254
28,4,2,49.8438522365283
29,4,2,50.7474385810884
30,4,2,48.086935354032
31,4,2,51.1945904168995
32,4,2,52.2717235296846
33,4,2,51.8439879628313
34,4,2,48.2768857725834
35,4,2,52.1079413273137
36,4,2,49.1266011933592
37,4,2,49.883209164075
38,4,2,51.6792726676247
39,4,2,51.5136069686182
40,4,2,48.9086233956373
41,4,2,50.5692378977712
42,4,2,50.7277145711984
43,4,2,53.0123882418137
44,4,2,50.2877501844392
45,4,2,50.0016673374517
46,4,2,49.2561962359085
47,4,2,49.8273472544351
48,4,2,49.8819036804021
49,4,2,51.1036193956227
50,4,2,53.8997725371519
51,4,2,52.975798502948
52,4,2,52.0632800786382
53,4,2,50.8413264887681
54,4,2,50.5246369507974
55,4,2,50.5817423358875
56,4,2,49.3778451902551
57,4,2,51.9896959481833
58,4,2,51.8702069163612
59,4,2,49.6997984086087
60,4,2,51.4756690432611
61,4,2,53.6800598139166
62,4,2,48.9069692372861
63,4,2,52.642970503573
64,4,2,50.3477047312884
65,4,2,51.3531716306822
66,4,2,51.1922332822488
67,4,2,50.0092305426455
68,4,2,51.9465727372085
69,4,2,49.1158954020068
70,4,2,51.1676080075885
71,4,2,51.870407478296
72,4,2,50.8346419802101
73,4,2,50.6840132379719
74,4,2,49.8543476583991
75,4,2,51.9827587348396
76,4,2,52.0638296711792
77,4,2,48.035704786059
78,4,2,49.4109692671784
79,4,2,52.3703303663552
80,4,2,52.9185882348289
1,5,2,48.8773030957653
2,5,2,50.4158746851263
3,5,2,49.8098215850774
4,5,2,47.2565118228653
5,5,2,50.1065660375906
6,5,2,48.4155237548527
7,5,2,50.7054211666177
8,5,2,48.0369099832241
9,5,2,49.3252629278532
10,5,2,49.3227220612695
11,5,2,49.2493513091734
12,5,2,48.3260397442501
13,5,2,49.4924021480316
14,5,2,50.0094223658751
15,5,2,50.6140914962235
16,5,2,50.3748613794775
17,5,2,49.3939237132534
18,5,2,50.4209460459657
19,5,2,49.9865864769083
20,5,2,49.091182557354
21,5,2,50.6479497172285
22,5,2,50.1681779205816
23,5,2,51.7613416785858
24,5,2,50.3162331943471
25,5,2,50.3301742742604
26,5,2,47.0203771236555
27,5,2,52.050596647643
28,5,2,48.2212192454035
29,5,2,48.3096304318549
30,5,2,49.9344561803565
31,5,2,48.6105510206852
32,5,2,51.8450583484401
33,5,2,51.5878018742031
34,5,2,47.5166205512892
35,5,2,50.5643619044636
36,5,2,48.5684968608444
37,5,2,51.440320896225
38,5,2,49.5028700360262
39,5,2,49.1385412209458
40,5,2,46.9438548563051
41,5,2,51.0729177086833
42,5,2,49.3106717235469
43,5,2,51.6503215592523
44,5,2,49.8748446384988
45,5,2,48.8784359629367
46,5,2,48.1531636019455
47,5,2,47.6380399499907
48,5,2,51.1078630855667
49,5,2,51.5103833181062
50,5,2,53.3962543852678
51,5,2,50.8630275845846
52,5,2,50.8251359316653
53,5,2,49.8403453970711
54,5,2,49.9311810736507
55,5,2,50.5850571100582
56,5,2,50.2597320417423
57,5,2,51.6802460969136
58,5,2,51.3125311446313
59,5,2,48.6272413695991
60,5,2,50.6124766844786
61,5,2,52.4780972645517
62,5,2,49.7120446650121
63,5,2,51.168294237723
64,5,2,50.4116546212466
65,5,2,49.6796584308316
66,5,2,50.4910023880071
67,5,2,47.7369243973222
68,5,2,49.270547483828
69,5,2,48.0377242058077
70,5,2,50.1544464597883
71,5,2,52.7473019762033
72,5,2,49.7556197527161
73,5,2,50.430402871038
74,5,2,51.6669716497586
75,5,2,49.3858825696539
76,5,2,50.48167605303
77,5,2,47.5107573201874
78,5,2,49.9367439019518
79,5,2,50.7321647722572
80,5,2,51.5237559684334
1,6,2,49.5065454406471
2,6,2,50.0776567280821
3,6,2,50.6640434640599
4,6,2,47.3209388883313
5,6,2,52.1714510989206
6,6,2,48.9761962890397
7,6,2,51.1786784353049
8,6,2,47.8405740064626
9,6,2,49.6797007491991
10,6,2,49.9076883032154
11,6,2,50.4059991677829
12,6,2,47.7322994880356
13,6,2,48.1324402291095
14,6,2,49.7124092939645
15,6,2,52.3617393129401
16,6,2,49.8834118449737
17,6,2,50.121367246743
18,6,2,50.1381397222978
19,6,2,51.3419139450392
20,6,2,49.0308766805404
21,6,2,50.9777815664208
22,6,2,49.3438530846196
23,6,2,51.5036371747202
24,6,2,48.6811219747393
25,6,2,49.5360502120724
26,6,2,46.8287910718183
27,6,2,51.1729211593805
28,6,2,47.7313925835855
29,6,2,50.2635732927783
30,6,2,48.4949311175064
31,6,2,49.8774423092342
32,6,2,52.8960747524526
33,6,2,50.568324267117
34,6,2,49.8701519117355
35,6,2,50.1526212182833
36,6,2,49.2437686583113
37,6,2,49.4067957288902
38,6,2,51.3237469096128
39,6,2,49.3794010565414
40,6,2,50.0940759749602
41,6,2,50.4528416611168
42,6,2,51.0750140974478
43,6,2,50.5649850797845
44,6,2,51.8652458718477
45,6,2,47.7428983905016
46,6,2,48.4500733572011
47,6,2,49.0564382322968
48,6,2,50.1606666883226
49,6,2,53.6467262938058
50,6,2,54.1680301098401
51,6,2,51.6589865344457
52,6,2,51.5729065864642
53,6,2,50.1689632369104
54,6,2,50.4122736115597
55,6,2,50.044629600769
56,6,2,51.1779889600816
57,6,2,50.7601497206452
58,6,2,50.6988122956371
59,6,2,48.4281919959362
60,6,2,51.8685118303159
61,6,2,50.3745062038032
62,6,2,47.8623986922093
63,6,2,49.6021862511587
64,6,2,48.1389915473746
65,6,2,50.029414893599
66,6,2,50.2523027874903
67,6,2,48.5433603278979
68,6,2,49.3709169679784
69,6,2,48.4236204910243
70,6,2,50.8800902486636
71,6,2,52.1091534012067
72,6,2,49.9143772766181
73,6,2,52.3370152291458
74,6,2,51.7767091675109
75,6,2,50.8796109171872
76,6,2,50.1173170573379
77,6,2,46.9843035878554
78,6,2,49.5535051734348
79,6,2,51.6517449939141
80,6,2,50.5903654148441
1,7,2,49.6798289310094
2,7,2,50.7782029121224
3,7,2,49.9446434108326
4,7,2,47.1479838002522
5,7,2,48.7969283302655
6,7,2,50.4583005443921
7,7,2,51.2382380420843
8,7,2,48.6768221623599
9,7,2,51.2337616293213
10,7,2,50.1935652739618
11,7,2,50.1214072491737
12,7,2,48.8832043442834
13,7,2,48.4132782010948
14,7,2,49.6119892588273
15,7,2,52.1935266205524
16,7,2,49.5232361934488
17,7,2,50.4504480976021
18,7,2,50.0609144856896
19,7,2,51.2224153109886
20,7,2,50.778726537142
21,7,2,52.0193286591264
22,7,2,49.2959802988761
23,7,2,50.1199939893806
24,7,2,51.0823819104034
25,7,2,50.7059866276843
26,7,2,47.3385062440062
27,7,2,55.0393860380694
28,7,2,49.2389412303772
29,7,2,50.6800589816515
30,7,2,50.5836340316898
31,7,2,49.9417200344508
32,7,2,52.3168146222741
33,7,2,49.8439210564495
34,7,2,49.3379340097035
35,7,2,51.5822632512312
36,7,2,50.7730365703759
37,7,2,52.9998945237978
38,7,2,52.1476989728969
39,7,2,51.2616979390125
40,7,2,47.830158836811
41,7,2,50.5114320238416
42,7,2,50.6482367185569
43,7,2,50.1876169486394
44,7,2,51.5785001035178
45,7,2,49.0363839912692
46,7,2,48.920122967446
47,7,2,49.0120574049321
48,7,2,51.7670240321102
49,7,2,52.6861911259509
50,7,2,52.5441366225119
51,7,2,50.0854552855107
52,7,2,51.719233541502
53,7,2,51.9399364039775
54,7,2,50.8250035827047
55,7,2,51.2159973051457
56,7,2,50.2581495000044
57,7,2,49.8116603832927
58,7,2,53.0700078614161
59,7,2,49.7263369526314
60,7,2,50.2033822777866
61,7,2,53.6089253430104
62,7,2,50.6684248815843
63,7,2,50.411661540762
64,7,2,49.6883764528378
65,7,2,50.7419774676832
66,7,2,53.0409749534634
67,7,2,46.8458953759416
68,7,2,50.7241170315153
69,7,2,48.7519140900249
70,7,2,50.5074529004565
71,7,2,51.009859016309
72,7,2,50.8468386771698
73,7,2,51.4919966255245
74,7,2,51.1577418042416
75,7,2,50.6413886257289
76,7,2,48.6456926360778
77,7,2,48.0771108100427
78,7,2,51.1361692956159
79,7,2,51.9600366213142
80,7,2,51.0702882782439
1,8,2,48.6579129510732
2,8,2,48.738946546471
3,8,2,49.7788989787395
4,8,2,46.9731187783564
5,8,2,49.9818262877615
6,8,2,49.1419118685552
7,8,2,52.0239752078973
8,8,2,49.3252943865652
9,8,2,48.1486860095734
10,8,2,49.7356742845985
11,8,2,51.1871490043938
12,8,2,47.6337307181372
13,8,2,49.9185556014368
14,8,2,51.1766271400599
15,8,2,52.0504108488675
16,8,2,49.6991538537063
17,8,2,50.1691834417316
18,8,2,50.0114720932729
19,8,2,51.3820204514337
20,8,2,48.7070436436515
21,8,2,51.2333240545287
22,8,2,47.8359509301447
23,8,2,52.0622903531366
24,8,2,49.1318493889489
25,8,2,50.6752403805769
26,8,2,47.6755772197476
27,8,2,53.7519044226244
28,8,2,49.5945989702647
29,8,2,50.1552824658842
30,8,2,48.0179670603701
31,8,2,50.0158157679615
32,8,2,50.678889873955
33,8,2,49.2558975831859
34,8,2,48.4654041610724
35,8,2,49.7733505861786
36,8,2,49.2708906687953
37,8,2,50.4406806356618
38,8,2,52.5477706453911
39,8,2,49.669512825872
40,8,2,47.421782260412
41,8,2,49.8613787311097
42,8,2,49.3870382650048
43,8,2,51.4212675048857
44,8,2,51.8365145980055
45,8,2,49.0661613160675
46,8,2,47.9081810538504
47,8,2,50.111212568032
48,8,2,50.9958635918893
49,8,2,51.2602547900584
50,8,2,53.1989402184463
51,8,2,50.8086591856158
52,8,2,50.6922982692672
53,8,2,51.1012300177601
54,8,2,50.1065519611299
55,8,2,52.1976287302559
56,8,2,49.8589054013106
57,8,2,51.788409954878
58,8,2,51.6930353316803
59,8,2,49.8345475368758
60,8,2,50.6974833940426
61,8,2,50.6984019154449
62,8,2,49.6523443654206
63,8,2,51.0488506822512
64,8,2,49.3315212678341
65,8,2,51.1171116691344
66,8,2,49.7275273095078
67,8,2,49.0571352449565
68,8,2,50.5617488219277
69,8,2,48.339934829184
70,8,2,50.7595293793713
71,8,2,51.0532105808844
72,8,2,50.5122878693288
73,8,2,51.4629902793826
74,8,2,51.2262966671372
75,8,2,49.7968775921755
76,8,2,51.2352805949897
77,8,2,48.8468144507736
78,8,2,50.18937887227
79,8,2,51.6907453403941
80,8,2,49.909833189634
1,1,3,51.2932558765533
2,1,3,50.037457988674
3,1,3,51.0561851380896
4,1,3,47.3965664807492
5,1,3,50.4600719129139
6,1,3,48.7452030038543
7,1,3,50.5090737974321
8,1,3,50.5556459352839
9,1,3,47.948122686481
10,1,3,49.8641616647852
11,1,3,50.0894786649711
12,1,3,49.6839349759937
13,1,3,48.1521544302608
14,1,3,50.4483267879532
15,1,3,51.9857841214515
16,1,3,48.971629213827
17,1,3,47.9074286759253
18,1,3,48.7789185290231
19,1,3,50.5880462750481
20,1,3,49.0935704044911
21,1,3,50.7364065485524
22,1,3,50.5163930179517
23,1,3,49.6292748362019
24,1,3,48.6110920564531
25,1,3,48.3696291505349
26,1,3,47.7025489930357
27,1,3,53.3651309842065
28,1,3,49.9433992480862
29,1,3,48.6677917533393
30,1,3,47.3007576208719
31,1,3,49.0728556691902
32,1,3,50.7791314845551
33,1,3,50.5976729283736
34,1,3,48.4112559957301
35,1,3,49.0811540372979
36,1,3,47.5250332258118
37,1,3,48.6386672102087
38,1,3,50.2075954264164
39,1,3,47.5957913582351
40,1,3,47.1708230583294
41,1,3,48.9390800885814
42,1,3,50.1802030512576
43,1,3,51.240348747242
44,1,3,50.2543267342827
45,1,3,46.8493919154662
46,1,3,47.4241457899592
47,1,3,48.7700694523548
48,1,3,50.4485594972852
49,1,3,52.5362234324754
50,1,3,51.6175435028825
51,1,3,50.6487034426836
52,1,3,50.3636291503092
53,1,3,50.4114303358369
54,1,3,51.3748234454848
55,1,3,51.9832724466377
56,1,3,49.9653915520558
57,1,3,48.9080384754925
58,1,3,50.2327687527276
59,1,3,48.3877396942523
60,1,3,49.1217073863328
61,1,3,51.3737009326529
62,1,3,46.2960303941404
63,1,3,49.7090511805932
64,1,3,49.0161180661378
65,1,3,49.0502924798767
66,1,3,50.3004969883758
67,1,3,46.5206361476564
68,1,3,49.2025483233626
69,1,3,48.0340879090329
70,1,3,49.5027842141651
71,1,3,51.0713616508307
72,1,3,49.7213383422297
73,1,3,52.0526561405408
74,1,3,50.8568667799095
75,1,3,49.2686913802974
76,1,3,48.8683963938201
77,1,3,46.8099735879472
78,1,3,49.439496964926
79,1,3,50.2315837714247
80,1,3,48.9780010207257
1,2,3,49.744079768198
2,2,3,50.3710958824298
3,2,3,52.2688983651979
4,2,3,47.8125993862856
5,2,3,51.163273130428
6,2,3,51.1140930318787
7,2,3,49.9555497815516
8,2,3,50.3194989024445
9,2,3,48.4952409430134
10,2,3,49.0479044568348
11,2,3,51.2433925585206
12,2,3,48.8130913384904
13,2,3,48.8787034420851
14,2,3,48.8465513173984
15,2,3,49.6910689737321
16,2,3,50.4518161851014
17,2,3,48.1274045802903
18,2,3,49.5054469488245
19,2,3,51.0456320921629
20,2,3,50.4613332447533
21,2,3,51.4166458755161
22,2,3,48.9278733057029
23,2,3,49.2532441318783
24,2,3,49.024997014354
25,2,3,47.6254331607454
26,2,3,48.3899721021701
27,2,3,51.5010344460003
28,2,3,47.4879506744733
29,2,3,49.9029717634964
30,2,3,48.5377026568182
31,2,3,49.8447645880151
32,2,3,52.142837779001
33,2,3,49.4581266573643
34,2,3,47.9309389467889
35,2,3,49.3744515621186
36,2,3,49.2531784807531
37,2,3,50.1443952138743
38,2,3,50.0680066419427
39,2,3,50.7631469349098
40,2,3,48.0506769243037
41,2,3,49.711041198231
42,2,3,48.9475655393881
43,2,3,51.157151876783
44,2,3,49.3780325794071
45,2,3,49.7498386012723
46,2,3,48.0672464628409
47,2,3,50.2325037658524
48,2,3,50.3112280846063
49,2,3,51.4416435882827
50,2,3,53.3789342865126
51,2,3,50.799340629888
52,2,3,50.8044517797649
53,2,3,51.5179441418719
54,2,3,50.6661697547944
55,2,3,51.9521623878193
56,2,3,47.3855034929093
57,2,3,51.7068272171566
58,2,3,51.0924433156819
59,2,3,50.0581212772934
60,2,3,49.5786464067355
61,2,3,51.540207698507
62,2,3,50.6875022778882
63,2,3,49.4871216344766
64,2,3,49.2954223333332
65,2,3,50.7469949989756
66,2,3,51.0548056858404
67,2,3,47.5778205329554
68,2,3,49.7461772440967
69,2,3,49.7551664372903
70,2,3,50.7248037484453
71,2,3,51.379608425409
72,2,3,48.6771189762584
73,2,3,50.8187637801266
74,2,3,49.7612825300301
75,2,3,49.7852714797518
76,2,3,49.3124489790115
77,2,3,48.4027507004717
78,2,3,51.1179739228934
79,2,3,50.7420582841408
80,2,3,50.6840836261252
1,3,3,50.4279501650669
2,3,3,49.9508032775977
3,3,3,51.3122242500415
4,3,3,48.5767984798146
5,3,3,51.4800942500231
6,3,3,49.5975882476093
7,3,3,50.7902637521818
8,3,3,49.8620643668363
9,3,3,50.5353495071152
10,3,3,50.9806730420765
11,3,3,50.016467774794
12,3,3,49.528556055809
13,3,3,47.8736856274625
14,3,3,51.5890443776827
15,3,3,52.0041350342872
16,3,3,51.4965883897558
17,3,3,49.9134283963049
18,3,3,50.7841801011431
19,3,3,50.0025073683329
20,3,3,50.0501081674754
21,3,3,51.1456781484071
22,3,3,49.9579502129986
23,3,3,50.5045739331736
24,3,3,46.4618726991734
25,3,3,49.0829148765194
26,3,3,50.210604029748
27,3,3,52.3241695822887
28,3,3,48.810359391365
29,3,3,50.481798181325
30,3,3,47.8687447101739
31,3,3,49.0613921193516
32,3,3,50.7685197024203
33,3,3,50.9708873774722
34,3,3,48.2149386627608
35,3,3,50.1557502099181
36,3,3,49.7424842788585
37,3,3,50.6359038408763
38,3,3,50.528829846565
39,3,3,50.7083305237796
40,3,3,48.3232268262532
41,3,3,50.4680415780877
42,3,3,51.0297198325433
43,3,3,50.5801698195804
44,3,3,49.3859083220588
45,3,3,48.5276042509683
46,3,3,45.6362384856069
47,3,3,49.4701891800042
48,3,3,49.9151456310671
49,3,3,50.5771475074224
50,3,3,53.0473716824637
51,3,3,50.4719365170085
52,3,3,48.7326629405868
53,3,3,51.2480273370015
54,3,3,51.331176403547
55,3,3,48.2973104965389
56,3,3,50.0243086313855
57,3,3,49.2712964951173
58,3,3,52.0450342039571
59,3,3,48.8207063059599
60,3,3,50.5831170745685
61,3,3,51.516369953128
62,3,3,49.5818503481685
63,3,3,49.2007696218222
64,3,3,50.8475329534726
65,3,3,50.7939858046007
66,3,3,49.5257930448401
67,3,3,49.4231340868861
68,3,3,50.5171503170376
69,3,3,48.2051322138246
70,3,3,50.0105178822527
71,3,3,52.1860136386866
72,3,3,51.9026697307276
73,3,3,50.1852555878141
74,3,3,49.5245334640712
75,3,3,52.4430365087804
76,3,3,49.1707652843276
77,3,3,48.3014208328988
78,3,3,48.773395104506
79,3,3,50.4062890545482
80,3,3,48.9774711531584
1,4,3,49.6587862598012
2,4,3,50.1200692761725
3,4,3,51.1239673649863
4,4,3,45.9644138258726
5,4,3,49.9500541178194
6,4,3,49.6315353501103
7,4,3,51.5107218583408
8,4,3,50.4472719955184
9,4,3,49.0168363970113
10,4,3,50.5587932553236
11,4,3,48.4490528763213
12,4,3,47.6864688819684
13,4,3,48.9001959275205
14,4,3,50.7487972488606
15,4,3,49.8766670953934
16,4,3,50.5419470009195
17,4,3,49.5716163933169
18,4,3,50.0437892249815
19,4,3,51.0653174613021
20,4,3,51.4761682511619
21,4,3,50.0897547546354
22,4,3,52.1637079409549
23,4,3,51.1099000987345
24,4,3,50.1129887007324
25,4,3,48.6094261204546
26,4,3,50.1073131398388
27,4,3,52.9219550654554
28,4,3,49.4402994144603
29,4,3,49.1798272124187
30,4,3,47.9034965287056
31,4,3,48.5278006782695
32,4,3,49.8724818798135
33,4,3,50.6901927266056
34,4,3,47.5586665629908
35,4,3,49.8565564928318
36,4,3,48.0832867964703
37,4,3,50.0828307021605
38,4,3,52.5533009667637
39,4,3,51.1376908840176
40,4,3,48.7790547659238
41,4,3,49.8304843600472
42,4,3,49.6092216214933
43,4,3,51.7595655667661
44,4,3,49.7666385040419
45,4,3,48.5475452241875
46,4,3,48.3891666759601
47,4,3,48.8338872426112
48,4,3,49.2240004967514
49,4,3,50.843038786305
50,4,3,53.0192418752053
51,4,3,51.8657466121203
52,4,3,51.6643103052057
53,4,3,49.8437942259027
54,4,3,49.7233062842828
55,4,3,52.3498399633674
56,4,3,49.2606022283268
57,4,3,49.6237920761438
58,4,3,50.8384443260994
59,4,3,48.8419006750894
60,4,3,48.5471410700007
61,4,3,50.0659066698596
62,4,3,49.9736647319394
63,4,3,50.8504485517173
64,4,3,49.4291716838121
65,4,3,50.7881066733659
66,4,3,50.0098507435847
67,4,3,48.5863230436377
68,4,3,51.1648345206764
69,4,3,47.8515197085193
70,4,3,51.1140680498447
71,4,3,49.6033228739669
72,4,3,50.020872052545
73,4,3,51.2472848067428
74,4,3,50.4534294675195
75,4,3,51.8795351967937
76,4,3,50.1957586636116
77,4,3,47.8726846764359
78,4,3,47.3692959957649
79,4,3,51.7491688369837
80,4,3,49.9322867483072
1,5,3,49.2967275530038
2,5,3,48.1321527249311
3,5,3,49.4371793565894
4,5,3,47.0226870084661
5,5,3,49.4302332110873
6,5,3,48.574916096612
7,5,3,49.1866716505028
8,5,3,48.4634426370335
9,5,3,46.7046180715954
10,5,3,48.7988049920952
11,5,3,47.7923504066645
12,5,3,46.6008240594726
13,5,3,48.6323902178004
14,5,3,48.2471820963642
15,5,3,50.9474488272604
16,5,3,50.3275268896078
17,5,3,47.992326465317
18,5,3,48.3480879494321
19,5,3,49.9085328197094
20,5,3,50.2526586471841
21,5,3,49.5502671530522
22,5,3,49.6415902291438
23,5,3,50.4699452568744
24,5,3,49.8539519023264
25,5,3,48.2990199550992
26,5,3,47.9624962099384
27,5,3,51.3459512242215
28,5,3,47.5229991948607
29,5,3,49.3105831009023
30,5,3,47.6604720422777
31,5,3,48.4197141421768
32,5,3,50.0395531794624
33,5,3,49.927265488535
34,5,3,48.1134118014002
35,5,3,49.4539994719078
36,5,3,47.4754214401332
37,5,3,49.3819753545965
38,5,3,49.8944316550505
39,5,3,48.2356243951463
40,5,3,47.7976471013788
41,5,3,49.4437641972443
42,5,3,49.7140156868704
43,5,3,50.7040173164607
44,5,3,48.5703584689835
45,5,3,49.2070763943251
46,5,3,48.8642850691937
47,5,3,49.3595181678536
48,5,3,50.5272531580839
49,5,3,50.5945350851967
50,5,3,52.5010111144872
51,5,3,50.2803518880108
52,5,3,49.7311711693048
53,5,3,49.1717244949018
54,5,3,48.9282885894435
55,5,3,50.863664331672
56,5,3,49.8937155654
57,5,3,49.5195893157032
58,5,3,51.6131586439266
59,5,3,49.6634407976016
60,5,3,50.1474021248994
61,5,3,51.6338536482254
62,5,3,48.8574775208442
63,5,3,50.1330938361285
64,5,3,50.0314292442375
65,5,3,48.7076692480217
66,5,3,49.8206086613391
67,5,3,45.0461629029713
68,5,3,47.4474598735333
69,5,3,48.8917258706044
70,5,3,49.8010836477635
71,5,3,51.0299362099405
72,5,3,48.4314499654114
73,5,3,50.0727265817517
74,5,3,51.144326624502
75,5,3,49.5219045990581
76,5,3,48.91124107058
77,5,3,45.2705214617361
78,5,3,48.3484308975648
79,5,3,49.6960461555575
80,5,3,48.8912561593944
1,6,3,50.0942885667155
2,6,3,50.9363090104547
3,6,3,50.1809853369765
4,6,3,46.8022295538237
5,6,3,49.9493197644862
6,6,3,48.1011016110584
7,6,3,50.6187940589126
8,6,3,47.7727745128098
9,6,3,48.0765059125157
10,6,3,48.6658694096463
11,6,3,45.6971787167569
12,6,3,47.3180879206068
13,6,3,46.9882182713309
14,6,3,49.8444287206384
15,6,3,51.093032145645
16,6,3,47.7769512381774
17,6,3,47.9304048663956
18,6,3,48.7864083777312
19,6,3,48.8117049707085
20,6,3,49.1226017223196
21,6,3,50.0369898169603
22,6,3,49.7017551810456
23,6,3,49.3239011368529
24,6,3,46.2292267836026
25,6,3,48.4141941554713
26,6,3,48.5300326384209
27,6,3,52.0412240723809
28,6,3,48.9694400360148
29,6,3,49.2549778292595
30,6,3,46.9424603111969
31,6,3,47.3194286907529
32,6,3,50.8544207549935
33,6,3,48.9828901843902
34,6,3,48.535232566261
35,6,3,48.8479667427015
36,6,3,48.3293791085738
37,6,3,46.704199856052
38,6,3,50.4748861244001
39,6,3,49.1776788447447
40,6,3,48.1690289322328
41,6,3,49.0521431372819
42,6,3,50.2423991711923
43,6,3,50.1722431862473
44,6,3,48.4766893675953
45,6,3,48.1796080550779
46,6,3,48.0463458909985
47,6,3,47.3188647682753
48,6,3,47.5408661187552
49,6,3,51.1696817948532
50,6,3,51.2712822354389
51,6,3,50.6806636552955
52,6,3,49.3341170224127
53,6,3,48.7977049857159
54,6,3,48.6695682266456
55,6,3,49.8918774919387
56,6,3,49.7847874452644
57,6,3,47.4709172256711
58,6,3,50.8735816793898
59,6,3,48.3881717866042
60,6,3,49.762577258027
61,6,3,49.7817361106998
62,6,3,47.900130515916
63,6,3,49.2140155121638
64,6,3,49.3541719377717
65,6,3,49.0162051288642
66,6,3,48.887226798353
67,6,3,46.7740733786866
68,6,3,49.4203008967972
69,6,3,48.2418808141185
70,6,3,48.2554462803405
71,6,3,52.0822914056111
72,6,3,47.6050836524681
73,6,3,50.8064438112008
74,6,3,48.5788313603633
75,6,3,49.8204794475834
76,6,3,48.9333426807414
77,6,3,46.1204380726544
78,6,3,47.6203728280106
79,6,3,49.7816169897256
80,6,3,50.2697416015311
1,7,3,50.5536702199991
2,7,3,51.2896602996229
3,7,3,49.9145545127844
4,7,3,46.3229074712114
5,7,3,49.8698592730184
6,7,3,51.1608029126127
7,7,3,50.1024661420587
8,7,3,48.5928557482995
9,7,3,48.4644671374539
10,7,3,48.8495580021302
11,7,3,48.5987854501081
12,7,3,48.9077156193222
13,7,3,48.2795629505533
14,7,3,49.9321069871766
15,7,3,50.5841314678616
16,7,3,49.6772102721564
17,7,3,47.0860868797144
18,7,3,50.7416556985977
19,7,3,49.8055837929289
20,7,3,50.4471744555682
21,7,3,51.4603180831255
22,7,3,50.0661387370324
23,7,3,48.1672836334736
24,7,3,47.580875422105
25,7,3,49.2634413511408
26,7,3,48.4728861122903
27,7,3,52.822539574717
28,7,3,47.4138366035768
29,7,3,50.6341501920809
30,7,3,49.1653905621134
31,7,3,48.6181408744242
32,7,3,50.9389073349762
33,7,3,49.7784894281701
34,7,3,48.7340886379431
35,7,3,50.5481723089047
36,7,3,49.5934247140841
37,7,3,51.4566437938621
38,7,3,50.9050875400118
39,7,3,48.0474609426464
40,7,3,47.8050498392923
41,7,3,49.0015769750001
42,7,3,49.1994823783523
43,7,3,49.5063509128777
44,7,3,49.3856697755589
45,7,3,48.1196457322173
46,7,3,46.8455832886928
47,7,3,48.388010541206
48,7,3,49.4820075676564
49,7,3,50.0466163406332
50,7,3,51.2293879213211
51,7,3,50.6881012291748
52,7,3,50.1033297147551
53,7,3,51.3486392066596
54,7,3,49.7456595202351
55,7,3,50.3463134502025
56,7,3,49.948272544892
57,7,3,48.662052872267
58,7,3,51.1402079488226
59,7,3,47.8710231334497
60,7,3,48.9256358838
61,7,3,50.2026801390073
62,7,3,47.8394492609547
63,7,3,48.7376762199585
64,7,3,47.9174338754508
65,7,3,49.1299666882326
66,7,3,49.1918437338642
67,7,3,46.0926866148704
68,7,3,50.8470536653228
69,7,3,48.2587191976871
70,7,3,48.2878037792384
71,7,3,49.6040633260312
72,7,3,47.4814492060175
73,7,3,51.1529379474076
74,7,3,48.8704788733491
75,7,3,48.7643258923569
76,7,3,50.1371624380077
77,7,3,46.9826165337325
78,7,3,48.6007830726629
79,7,3,51.2835646763974
80,7,3,49.46437595822
1,8,3,48.7132501162684
2,8,3,50.072404510127
3,8,3,48.8037244921178
4,8,3,48.1575751910531
5,8,3,52.2479731015133
6,8,3,51.0545421206504
7,8,3,51.0754611665066
8,8,3,50.9890505543218
9,8,3,48.929719090249
10,8,3,50.7630806795122
11,8,3,50.3423287386574
12,8,3,49.2976707118633
13,8,3,48.0815231816802
14,8,3,49.562869345817
15,8,3,51.1379139141804
16,8,3,50.0028881544369
17,8,3,48.4473878334065
18,8,3,50.1864194511277
19,8,3,51.6143934593753
20,8,3,50.3722320494599
21,8,3,51.7038428221017
22,8,3,49.4672438554559
23,8,3,50.2671003647927
24,8,3,49.5110550751161
25,8,3,48.5879090774334
26,8,3,48.6035349356644
27,8,3,52.9781280168468
28,8,3,50.8141565028016
29,8,3,51.0184352937196
30,8,3,47.3246757766295
31,8,3,49.5073569072106
32,8,3,49.9130522017119
33,8,3,50.9190833549456
34,8,3,49.6958071055665
35,8,3,49.2548006357015
36,8,3,48.8439194477987
37,8,3,49.5314314889118
38,8,3,51.2030605909638
39,8,3,49.1959973496462
40,8,3,49.3825578488743
41,8,3,49.2703707919907
42,8,3,49.3458530126187
43,8,3,50.802786606799
44,8,3,50.6049547271701
45,8,3,48.8755718799286
46,8,3,48.3923069818208
47,8,3,51.1526908752736
48,8,3,49.6652861816757
49,8,3,51.5174142390398
50,8,3,53.0838826189084
51,8,3,51.2908201996283
52,8,3,50.9555762129023
53,8,3,51.0911348003073
54,8,3,49.7725988644028
55,8,3,52.3148470533185
56,8,3,50.1716376488607
57,8,3,51.6007827546733
58,8,3,50.9643126408853
59,8,3,49.1259942535428
60,8,3,51.5641257125739
61,8,3,51.4918689030107
62,8,3,49.1287270823027
63,8,3,50.640824766133
64,8,3,49.0374337473459
65,8,3,51.776308543848
66,8,3,50.1361792472896
67,8,3,47.9940375388956
68,8,3,50.1574892974598
69,8,3,49.6448912415106
70,8,3,51.4349126305963
71,8,3,50.0595577243989
72,8,3,50.165034966861
73,8,3,50.9307643608469
74,8,3,49.695447587441
75,8,3,50.2380782533146
76,8,3,49.7639013747333
77,8,3,47.6306923101563
78,8,3,49.6508612229558
79,8,3,50.9450621243682
80,8,3,49.1478370250558
1,1,4,50.6942337225742
2,1,4,50.2787797671215
3,1,4,51.1203396692261
4,1,4,47.7310251677715
5,1,4,48.6087419567827
6,1,4,48.0097229328177
7,1,4,50.9119918631589
8,1,4,50.5613334084928
9,1,4,49.4390838936134
10,1,4,50.7564700255019
11,1,4,50.3631548320919
12,1,4,48.4893140723936
13,1,4,50.0591809495599
14,1,4,49.5214423382267
15,1,4,52.3192280932114
16,1,4,50.0128086987053
17,1,4,49.3663793328209
18,1,4,51.082969334826
19,1,4,50.4165109063679
20,1,4,50.3573503844646
21,1,4,51.7633834634794
22,1,4,49.5971851708415
23,1,4,48.2606645536968
24,1,4,48.4934309525502
25,1,4,48.2764436783159
26,1,4,48.5535206840269
27,1,4,52.6616382899275
28,1,4,49.6031178965493
29,1,4,48.2150560973407
30,1,4,47.6856805631872
31,1,4,49.7972948594718
32,1,4,51.3265817279802
33,1,4,51.2591315440182
34,1,4,48.8658111112952
35,1,4,50.8327993801
36,1,4,49.478134409122
37,1,4,48.4869851406252
38,1,4,51.503513312409
39,1,4,48.2837389032823
40,1,4,47.8083240920702
41,1,4,50.7003430581442
42,1,4,52.2181521202813
43,1,4,52.0332589758841
44,1,4,50.2962914120434
45,1,4,50.0797461544425
46,1,4,46.8477993195128
47,1,4,50.6085974481737
48,1,4,51.1244030658686
49,1,4,51.5573982893326
50,1,4,52.6218709070951
51,1,4,51.5048238528972
52,1,4,51.195037607029
53,1,4,49.8234499121401
54,1,4,50.5756212644495
55,1,4,50.8552375741562
56,1,4,49.6831231740262
57,1,4,49.9022848750624
58,1,4,49.3212468613299
59,1,4,48.0044780858256
60,1,4,50.1958447719844
61,1,4,54.7180161457303
62,1,4,47.8687951965377
63,1,4,50.4257714699106
64,1,4,49.0953271415406
65,1,4,50.0289884445154
66,1,4,49.5858249726547
67,1,4,47.8635412743641
68,1,4,48.060474597562
69,1,4,49.1276958525636
70,1,4,49.8522012864751
71,1,4,51.6731733037711
72,1,4,49.3593152000214
73,1,4,51.8101328142632
74,1,4,50.198723649643
75,1,4,50.621163544514
76,1,4,49.8105968489169
77,1,4,47.0319069940482
78,1,4,51.4383512558368
79,1,4,49.6567307852941
80,1,4,50.6271111439408
1,2,4,49.6010183485487
2,2,4,48.8524490626354
3,2,4,50.9886816141868
4,2,4,48.2735078639819
5,2,4,50.0492197393019
6,2,4,50.0465773605358
7,2,4,52.2036346534512
8,2,4,50.2911122240403
9,2,4,48.0858800289221
10,2,4,49.9930583828316
11,2,4,49.468789653744
12,2,4,48.8165275388026
13,2,4,49.7400184965715
14,2,4,50.7594002802073
15,2,4,51.1180484968304
16,2,4,50.235373267108
17,2,4,49.4227228835851
18,2,4,48.4912209171358
19,2,4,52.3890135531817
20,2,4,50.5061627276342
21,2,4,52.5185400846969
22,2,4,51.0140656993011
23,2,4,49.9203942495663
24,2,4,49.1430577177528
25,2,4,47.2073082287065
26,2,4,47.3678727236308
27,2,4,53.5403724610815
28,2,4,50.7182841623424
29,2,4,51.2254843910343
30,2,4,50.1013305505211
31,2,4,49.2099874565643
32,2,4,50.9276120353468
33,2,4,49.6796409528991
34,2,4,49.0408813888642
35,2,4,52.1264413820302
36,2,4,49.3506698799528
37,2,4,50.3671769834129
38,2,4,50.4995845409188
39,2,4,52.2887428818343
40,2,4,49.0229501887612
41,2,4,50.405463897613
42,2,4,50.5279647253079
43,2,4,51.3088525641675
44,2,4,52.4556486992368
45,2,4,49.8400357361308
46,2,4,47.6335115700722
47,2,4,50.6223277334073
48,2,4,51.0782420167267
49,2,4,52.200515447911
50,2,4,53.1956792528747
51,2,4,51.1281135336754
52,2,4,50.9575534151913
53,2,4,50.6971203080755
54,2,4,51.8270416156005
55,2,4,51.5891629943894
56,2,4,49.6251045656258
57,2,4,50.55937646595
58,2,4,50.8963241442441
59,2,4,49.8790935944632
60,2,4,50.2749348860993
61,2,4,52.5459990902552
62,2,4,49.0822944148036
63,2,4,49.7179613020038
64,2,4,47.0873637466903
65,2,4,53.1643827754196
66,2,4,51.1052512952083
67,2,4,49.366347534563
68,2,4,52.0521153748902
69,2,4,49.556235764864
70,2,4,49.8073753858669
71,2,4,53.331783966602
72,2,4,49.534334201325
73,2,4,51.8868935479046
74,2,4,50.5296846325144
75,2,4,51.7294223563611
76,2,4,50.7029542641699
77,2,4,48.2759348503186
78,2,4,50.3208303868118
79,2,4,52.4732496483446
80,2,4,51.5170575172253
1,3,4,49.9439121833129
2,3,4,50.0471849990433
3,3,4,53.3707084847788
4,3,4,48.0073218179481
5,3,4,51.177291538966
6,3,4,50.4088632167287
7,3,4,52.109263960223
8,3,4,49.8331521530864
9,3,4,50.239384222402
10,3,4,52.0438744195973
11,3,4,50.9781660698543
12,3,4,48.6911789687236
13,3,4,49.4801237662149
14,3,4,50.5758329987154
15,3,4,52.9203111983762
16,3,4,51.9782145837842
17,3,4,51.32826380719
18,3,4,50.2140450786748
19,3,4,52.2253787684908
20,3,4,50.6763947140424
21,3,4,52.8283755003037
22,3,4,50.9235429650983
23,3,4,49.796388659948
24,3,4,50.0883196683612
25,3,4,49.6540829046105
26,3,4,50.3046469669511
27,3,4,52.4298399522425
28,3,4,49.9149834459248
29,3,4,50.901816740787
30,3,4,49.7566796909627
31,3,4,50.4879994106318
32,3,4,50.9624967275844
33,3,4,50.031542843255
34,3,4,49.972338451418
35,3,4,50.8073144607787
36,3,4,50.1124208931488
37,3,4,49.2537939743394
38,3,4,50.9626333114723
39,3,4,51.2582591152699
40,3,4,50.850930282046
41,3,4,50.7848758964699
42,3,4,51.5656829386962
43,3,4,50.5424051751621
44,3,4,52.0533022886369
45,3,4,48.6024017870568
46,3,4,48.6734370258366
47,3,4,49.576292553597
48,3,4,51.5380260851934
49,3,4,52.4805446025763
50,3,4,53.8638649195128
51,3,4,52.8281960432836
52,3,4,51.053575876329
53,3,4,51.6508079593446
54,3,4,51.217129295089
55,3,4,49.5224868739183
56,3,4,51.2474850617037
57,3,4,50.706524027584
58,3,4,52.3459791413626
59,3,4,49.5309583781547
60,3,4,49.7849798621467
61,3,4,52.9286171632992
62,3,4,49.5242205642948
63,3,4,50.6973282250443
64,3,4,50.9551652783622
65,3,4,51.6395418285454
66,3,4,48.9427548866494
67,3,4,49.159550319857
68,3,4,50.2380420272215
69,3,4,49.1805172376058
70,3,4,49.3194458428297
71,3,4,51.8865007971093
72,3,4,51.2944791271332
73,3,4,49.4080892291211
74,3,4,50.335274712724
75,3,4,50.5342130208209
76,3,4,49.9441358613167
77,3,4,49.5428442622985
78,3,4,49.272732799237
79,3,4,51.3315982364917
80,3,4,51.115709266032
1,4,4,49.4704977974277
2,4,4,50.9859744792961
3,4,4,52.0248236376082
4,4,4,47.0304439784143
5,4,4,50.6874304977504
6,4,4,49.0918391186739
7,4,4,52.5435815634731
8,4,4,49.5084619489815
9,4,4,49.0138079269557
10,4,4,50.5498550368094
11,4,4,50.3607343564269
12,4,4,46.707319306657
13,4,4,51.4407359617458
14,4,4,50.6521083518866
15,4,4,50.7929073571792
16,4,4,50.1839503119789
17,4,4,48.8515014476487
18,4,4,49.9950674131307
19,4,4,51.7638891796659
20,4,4,49.3242949168989
21,4,4,51.0924536348705
22,4,4,50.7887066694877
23,4,4,49.8798478039419
24,4,4,49.9717063100145
25,4,4,48.2482939641656
26,4,4,50.1942332003013
27,4,4,53.4087437303377
28,4,4,48.6656966640005
29,4,4,49.9315772187942
30,4,4,48.0782855947719
31,4,4,50.6877017648561
32,4,4,49.1369232797767
33,4,4,49.9382178318369
34,4,4,48.6053258240077
35,4,4,51.0387506998258
36,4,4,48.9137820391275
37,4,4,49.2857039805266
38,4,4,50.7732560127121
39,4,4,50.2821194644989
40,4,4,48.2151744067239
41,4,4,49.7508691898566
42,4,4,48.5796640215934
43,4,4,50.4066680136721
44,4,4,49.7263245661866
45,4,4,49.1945251914995
46,4,4,48.8983104903509
47,4,4,48.9195693718343
48,4,4,48.2418733926763
49,4,4,50.4350944232096
50,4,4,52.4019689522038
51,4,4,52.2582106426543
52,4,4,52.4516858808324
53,4,4,50.3226227539712
54,4,4,50.8271507804324
55,4,4,50.4205345018504
56,4,4,49.641691925275
57,4,4,50.8723374255304
58,4,4,50.8740778598549
59,4,4,49.2921390910111
60,4,4,49.9913942712929
61,4,4,52.4983080677601
62,4,4,49.497976375487
63,4,4,50.4524977159978
64,4,4,51.4241321056156
65,4,4,50.008818128735
66,4,4,51.7966500791217
67,4,4,47.9869181632182
68,4,4,50.5025653620796
69,4,4,48.3995615345835
70,4,4,51.0366976736423
71,4,4,50.771042620799
72,4,4,49.9071409259084
73,4,4,50.6788862984771
74,4,4,50.8475235883351
75,4,4,52.1188503761912
76,4,4,50.1699500195598
77,4,4,50.2655113588141
78,4,4,49.8428168532624
79,4,4,51.6782435126605
80,4,4,50.6913219970803
1,5,4,49.3469378130718
2,5,4,49.0998474592874
3,5,4,49.1580792941774
4,5,4,46.3093326651482
5,5,4,49.6998764735794
6,5,4,48.1119630624403
7,5,4,48.9904240392599
8,5,4,49.2491629876516
9,5,4,48.0191977272422
10,5,4,49.336790544863
11,5,4,48.0910991243369
12,5,4,47.0135613627941
13,5,4,49.87388978423
14,5,4,46.2488417055412
15,5,4,49.7111883368972
16,5,4,49.6275146455484
17,5,4,47.5203097823898
18,5,4,48.4562720283509
19,5,4,49.9285385013594
20,5,4,49.3176780470592
21,5,4,49.8969079507399
22,5,4,51.5398726192829
23,5,4,50.1059456786145
24,5,4,49.6959312164985
25,5,4,47.5698248004866
26,5,4,47.4270756702093
27,5,4,49.7209178592276
28,5,4,47.148657272223
29,5,4,48.2507308399242
30,5,4,49.0725152515083
31,5,4,49.0577844587446
32,5,4,49.6311417416864
33,5,4,50.3093099128569
34,5,4,48.4308131490618
35,5,4,49.2537681979121
36,5,4,48.5657015346278
37,5,4,48.2649360146618
38,5,4,49.088716849197
39,5,4,49.3539753157353
40,5,4,47.9248460925458
41,5,4,49.7750949715239
42,5,4,47.2830237738763
43,5,4,50.7396727913947
44,5,4,50.4670377060789
45,5,4,47.3227379951071
46,5,4,48.9060568415828
47,5,4,50.7910276080418
48,5,4,50.1103566913645
49,5,4,49.8349455686626
50,5,4,52.354871091687
51,5,4,49.5179166822459
52,5,4,49.6180540205282
53,5,4,50.3491999111973
54,5,4,48.7598312728022
55,5,4,48.2135445335066
56,5,4,50.5735399019983
57,5,4,49.8964320446445
58,5,4,50.3185292320223
59,5,4,48.5844918287049
60,5,4,47.807928805707
61,5,4,51.935945087131
62,5,4,48.0008315028126
63,5,4,50.1164640290238
64,5,4,49.9097225565938
65,5,4,50.1700949843038
66,5,4,48.2624474765803
67,5,4,45.631530537306
68,5,4,49.2815696784636
69,5,4,48.3612428478032
70,5,4,48.9734389585419
71,5,4,52.1208874487369
72,5,4,49.112865988106
73,5,4,49.2504671664283
74,5,4,51.4737512706157
75,5,4,46.9212715763588
76,5,4,49.0755477922035
77,5,4,46.4281298266148
78,5,4,48.2549166790633
79,5,4,49.7031363682234
80,5,4,49.4595900639699
1,6,4,49.2490421533704
2,6,4,49.3782042629559
3,6,4,49.4127376763782
4,6,4,47.2263675605036
5,6,4,49.9586509596406
6,6,4,48.7650234300036
7,6,4,53.1152843317205
8,6,4,48.3627746596938
9,6,4,50.3193224794515
10,6,4,50.8006917808089
11,6,4,48.7074112045733
12,6,4,46.4923079942777
13,6,4,48.7189489452786
14,6,4,50.5764954376783
15,6,4,52.3859676498153
16,6,4,49.6824646409833
17,6,4,49.5043079462762
18,6,4,49.5106965138079
19,6,4,51.5627102119443
20,6,4,48.874417447754
21,6,4,50.141126752625
22,6,4,51.5634199721384
23,6,4,50.478410928705
24,6,4,48.8340103215039
25,6,4,48.719462516047
26,6,4,46.2681631296419
27,6,4,50.5192636257334
28,6,4,48.9360041394596
29,6,4,49.6960093989094
30,6,4,48.8043755472461
31,6,4,49.5461707539797
32,6,4,52.2816679980245
33,6,4,49.5651183769146
34,6,4,48.0251251491611
35,6,4,50.221247370906
36,6,4,49.8181606673192
37,6,4,48.8340057642843
38,6,4,51.2087517036711
39,6,4,49.9341355287721
40,6,4,48.9537201451847
41,6,4,50.5700964229065
42,6,4,49.793747005527
43,6,4,50.9768105124286
44,6,4,51.6510823992269
45,6,4,50.8791659831735
46,6,4,50.0624795236152
47,6,4,48.6513344155986
48,6,4,48.6681342505972
49,6,4,52.0916780661863
50,6,4,53.636904265753
51,6,4,51.1928360334506
52,6,4,52.1379454966001
53,6,4,50.8747082188164
54,6,4,50.3971022020197
55,6,4,49.9869992781777
56,6,4,50.5981530164795
57,6,4,49.4386396115751
58,6,4,51.2007311504458
59,6,4,48.8553774831501
60,6,4,49.647402758963
61,6,4,52.968180251934
62,6,4,50.1502342641972
63,6,4,49.7903920859944
64,6,4,48.9224869508583
65,6,4,50.493544174719
66,6,4,48.3476177612289
67,6,4,49.5753419384674
68,6,4,48.1864823914377
69,6,4,50.9313952712171
70,6,4,48.7850381898292
71,6,4,52.8396520500426
72,6,4,48.4703677314241
73,6,4,52.4063692172686
74,6,4,50.7710057490645
75,6,4,51.0829284655896
76,6,4,48.7759040798651
77,6,4,47.7597125885554
78,6,4,48.442895392399
79,6,4,50.5843469697506
80,6,4,51.2964899632578
1,7,4,50.3606834205725
2,7,4,50.4007817836087
3,7,4,51.4394070068059
4,7,4,46.8903553390336
5,7,4,49.0083661379888
6,7,4,49.7605010648068
7,7,4,52.6248457689677
8,7,4,49.937857075126
9,7,4,49.1405387991312
10,7,4,49.7088234993557
11,7,4,48.5045275674156
12,7,4,47.3699307304077
13,7,4,49.5055651130374
14,7,4,49.7414450314174
15,7,4,51.2640135470203
16,7,4,50.4766367940372
17,7,4,49.5723320340781
18,7,4,51.0224191086076
19,7,4,52.3082517011438
20,7,4,50.4837873484216
21,7,4,52.8547447786976
22,7,4,51.2662741039989
23,7,4,49.7858541673131
24,7,4,49.4290862522108
25,7,4,48.6429549670808
26,7,4,47.8133724433325
27,7,4,51.7109280711768
28,7,4,48.5489664500705
29,7,4,49.3781854524314
30,7,4,50.0340706683014
31,7,4,51.3004373787695
32,7,4,51.6046666364456
33,7,4,49.0474838809891
34,7,4,50.2184331774654
35,7,4,50.8035885279548
36,7,4,49.7186567227438
37,7,4,49.4705414793466
38,7,4,51.6620007721113
39,7,4,50.0467101244082
40,7,4,50.6122044015228
41,7,4,50.5679065317238
42,7,4,50.0815398078536
43,7,4,51.5098757410195
44,7,4,49.7965901553938
45,7,4,48.7578020697862
46,7,4,49.6332857754094
47,7,4,49.4046924804906
48,7,4,49.8212514690083
49,7,4,53.1301720962644
50,7,4,51.9121914768584
51,7,4,50.3301738289334
52,7,4,52.5138297340271
53,7,4,50.5640795071148
54,7,4,52.3655330697879
55,7,4,50.5306949218606
56,7,4,50.9789158421132
57,7,4,51.5111200955582
58,7,4,51.7083466107352
59,7,4,49.2800409151508
60,7,4,49.4914727528402
61,7,4,52.7345180787845
62,7,4,50.9139688433986
63,7,4,50.6980084238895
64,7,4,49.1443730329909
65,7,4,50.529099750137
66,7,4,49.8706075281902
67,7,4,47.6307879944173
68,7,4,50.4986467790932
69,7,4,48.5341513989813
70,7,4,50.6423606774406
71,7,4,52.4154429940136
72,7,4,49.4379431509568
73,7,4,50.9449962357757
74,7,4,51.2683893979008
75,7,4,50.4997057117155
76,7,4,50.2918391059019
77,7,4,47.480488850127
78,7,4,50.5673346490829
79,7,4,51.4260865069288
80,7,4,49.81352759502
1,8,4,49.5030210477546
2,8,4,50.3974338741043
3,8,4,49.9952949145261
4,8,4,48.1278853177604
5,8,4,50.0427092723394
6,8,4,50.0308262583992
7,8,4,51.3500465900548
8,8,4,48.3578549754428
9,8,4,48.0893285182664
10,8,4,50.9648624562808
11,8,4,48.3543719116115
12,8,4,48.173414397911
13,8,4,48.2365633665061
14,8,4,49.5613808757752
15,8,4,51.5121636526688
16,8,4,48.3955948626664
17,8,4,49.52515107978
18,8,4,50.7800488769349
19,8,4,51.6299473123892
20,8,4,47.9850809747503
21,8,4,51.0315168793091
22,8,4,49.7606796677487
23,8,4,50.4232581732933
24,8,4,50.5252560954494
25,8,4,48.9074630874602
26,8,4,47.1409346986381
27,8,4,53.0624174046351
28,8,4,49.0549981487991
29,8,4,49.4314025450743
30,8,4,47.758830720934
31,8,4,50.6442944848022
32,8,4,50.6214549396552
33,8,4,49.7656171269781
34,8,4,49.1741629084766
35,8,4,50.0284686038732
36,8,4,49.447207709212
37,8,4,49.883825211277
38,8,4,50.5627894767761
39,8,4,50.4320401620223
40,8,4,48.486437751502
41,8,4,49.3415388337339
42,8,4,50.2763705252745
43,8,4,51.0536660609868
44,8,4,50.3698771956122
45,8,4,49.0901201370298
46,8,4,47.2507067678217
47,8,4,48.6615862892651
48,8,4,49.2304118606697
49,8,4,49.7906506904762
50,8,4,50.2278131468416
51,8,4,51.37799834951
52,8,4,51.0628606135111
53,8,4,49.6364334091798
54,8,4,50.8172819120584
55,8,4,50.6237464711099
56,8,4,50.7413947797557
57,8,4,50.6467147786522
58,8,4,50.5929160221977
59,8,4,49.1158536034549
60,8,4,50.4930539523479
61,8,4,52.0121290500253
62,8,4,49.1041054435526
63,8,4,50.540430845543
64,8,4,48.3831141660121
65,8,4,50.9688542326656
66,8,4,51.450668356261
67,8,4,49.192886421201
68,8,4,49.4672191494555
69,8,4,48.0208673266089
70,8,4,50.1355653743822
71,8,4,50.8137072102022
72,8,4,48.6660412546635
73,8,4,49.7614879176265
74,8,4,49.7441829865156
75,8,4,49.0626980051838
76,8,4,49.6524458075049
77,8,4,48.5719366693362
78,8,4,49.4180468934347
79,8,4,49.9656730519563
80,8,4,49.8374290614056
