"Person","Item","Score"
1,1,51.3426848302529
2,1,48.9240743652196
3,1,51.4735527011506
4,1,48.1622026085278
5,1,47.2157289523139
6,1,49.6144181991028
7,1,48.1047380429135
8,1,48.9576429436097
9,1,49.6582818408355
10,1,49.1490799667429
11,1,48.7029175976458
12,1,50.6072540019345
13,1,47.9326255898895
14,1,52.9600986899916
15,1,49.4829469560847
16,1,47.8707390279912
17,1,49.2496000493969
18,1,48.581144584013
19,1,50.3950092679647
20,1,51.0887803182802
21,1,48.0685187803478
22,1,49.4053464214488
23,1,49.3408932429262
24,1,51.4799429699172
25,1,51.34629624863
26,1,49.2155473484351
27,1,49.2177258906085
28,1,47.7935342170942
29,1,49.6887113235412
30,1,47.4698260426523
31,1,51.451468511329
32,1,49.0673400695747
33,1,47.4670997192197
34,1,47.3945501384017
35,1,48.6646766943058
36,1,53.266283452183
37,1,48.7892592500895
38,1,48.9686509789696
39,1,48.4376215927741
40,1,48.958867911532
41,1,48.7441275074208
42,1,48.5803991657096
43,1,49.6910024314834
44,1,49.8730747296891
45,1,50.8372907918465
46,1,48.1449959738995
47,1,49.4574418960775
48,1,50.3744170039708
49,1,49.1189935987314
50,1,48.6309994832073
51,1,49.2900909039434
52,1,48.0628831312591
53,1,48.6605034465268
54,1,48.6923972097855
55,1,50.0193859477421
56,1,48.9877897647782
57,1,50.0782069884898
58,1,47.2595777073024
59,1,49.3124365182909
60,1,48.2268336279631
61,1,50.2577227659808
62,1,47.8054816838685
63,1,49.7973627636276
64,1,49.7856512707225
65,1,49.2687146477106
66,1,48.4369514625011
67,1,49.1856258122949
68,1,49.6827963316407
69,1,48.6380085218414
70,1,48.3723287057609
71,1,50.7889965674927
72,1,49.1743717066789
73,1,48.8874269285196
74,1,49.0133479131573
75,1,50.358426163712
76,1,52.1142784250294
77,1,50.2203779346116
78,1,50.2807212399244
79,1,49.9895233188789
80,1,50.6830729559498
1,2,52.2733065370161
2,2,49.8314221449817
3,2,51.6330850305417
4,2,48.6405919479919
5,2,47.0107961380397
6,2,50.59251298671
7,2,49.5825668361886
8,2,50.4238342488625
9,2,48.4068002078315
10,2,49.3917466886485
11,2,50.3674780911098
12,2,52.1342401917801
13,2,47.8879066799845
14,2,50.171998878209
15,2,52.3584107334343
16,2,50.0529053755391
17,2,50.6384722762887
18,2,49.8565118545529
19,2,50.4119822412602
20,2,50.1880072186332
21,2,49.8475532610458
22,2,50.9360478209654
23,2,49.8681991231502
24,2,50.3567988024889
25,2,50.0723023336946
26,2,50.4165413017406
27,2,50.4312687596428
28,2,48.5725698716993
29,2,49.4144663125739
30,2,49.0526109703926
31,2,50.7029644773314
32,2,48.9361063770686
33,2,49.9563601665565
34,2,47.6461274173103
35,2,49.8319880483971
36,2,49.9946210003203
37,2,50.8606509804163
38,2,50.6129145616719
39,2,51.149056062778
40,2,49.0364643025545
41,2,49.47073264002
42,2,47.8895152782517
43,2,49.6110692065921
44,2,49.4416345785289
45,2,50.8148934207086
46,2,47.7236655633641
47,2,50.2708366245015
48,2,49.0308173212355
49,2,49.5702497106001
50,2,51.9409483628214
51,2,49.7865477410098
52,2,50.6573185308675
53,2,49.2016872526664
54,2,48.5551090378726
55,2,49.5217145642876
56,2,48.4416804203965
57,2,50.6031589714203
58,2,48.539210005808
59,2,48.9238726248882
60,2,49.0241404845573
61,2,49.16597949846
62,2,48.2536584744698
63,2,49.6898468931676
64,2,50.0224314273121
65,2,51.1540204945294
66,2,49.8695906500085
67,2,50.2671964014643
68,2,50.7308109480297
69,2,48.4263155415072
70,2,48.1906356290623
71,2,50.5433377661462
72,2,49.4073204271205
73,2,49.5491727839707
74,2,48.6006618625134
75,2,51.8063781569055
76,2,52.4297693587265
77,2,50.4684567550926
78,2,52.3159600985822
79,2,48.2579941057808
80,2,49.8726339113825
1,3,52.681914141685
2,3,50.4278541100884
3,3,52.4533704706695
4,3,49.1936579677194
5,3,48.3649762922793
6,3,50.7533097824754
7,3,49.6049014695739
8,3,50.0324376185212
9,3,50.9064148662384
10,3,49.2339251899343
11,3,51.8093882138352
12,3,52.5850361312812
13,3,47.8993221091434
14,3,50.6263110779757
15,3,51.8077782891526
16,3,49.6375245312382
17,3,50.6749580900593
18,3,51.5265813232078
19,3,50.9846852052503
20,3,51.5981907417148
21,3,50.4255783582783
22,3,50.0333430902637
23,3,50.6263815830959
24,3,52.9540654712578
25,3,51.1500644415851
26,3,52.667577271597
27,3,50.9043630033923
28,3,48.4404578133531
29,3,52.1920365695481
30,3,49.2118800216995
31,3,51.618679283433
32,3,48.0873412270336
33,3,48.7755080755332
34,3,51.6423798432939
35,3,50.671166415799
36,3,52.4398200590863
37,3,50.6945088770782
38,3,48.9967470567127
39,3,50.2440179625742
40,3,50.6020894235053
41,3,50.8201463500204
42,3,50.2630813194471
43,3,51.3167715631698
44,3,50.4142696388604
45,3,50.6250951855434
46,3,49.0826660473166
47,3,50.7942755858715
48,3,52.4278354416435
49,3,52.3206166844052
50,3,53.729729361555
51,3,51.3885595705137
52,3,50.2898960801074
53,3,50.8443989540329
54,3,48.6079508720234
55,3,50.2200305571911
56,3,48.0165163466259
57,3,50.7224409829568
58,3,48.5791091537578
59,3,51.1676206253629
60,3,49.4170282207268
61,3,52.1459699354365
62,3,48.6098355608795
63,3,49.1890724484846
64,3,49.8380980271066
65,3,49.4335636313914
66,3,48.9926717813098
67,3,49.6458718768669
68,3,51.4050440356998
69,3,46.5285807807201
70,3,49.8228913895134
71,3,50.8149353488295
72,3,50.743941652868
73,3,51.3999540009462
74,3,51.0464135361553
75,3,52.1489173730835
76,3,50.416688641294
77,3,52.0874769731589
78,3,51.0430501016568
79,3,49.1433073109878
80,3,51.7810938108133
1,4,51.0988838101585
2,4,49.4294887318036
3,4,51.7328689076218
4,4,48.2554161110074
5,4,48.6746102871328
6,4,50.6687847996191
7,4,48.5177741619411
8,4,48.7733250581482
9,4,50.6636448190357
10,4,51.8260704472201
11,4,50.56459374036
12,4,52.213768258262
13,4,49.3521688864632
14,4,51.5257318227804
15,4,51.7611154569125
16,4,48.918368075864
17,4,48.8552979591965
18,4,49.5194736736099
19,4,50.1285746156422
20,4,51.6479309450012
21,4,49.7677977309443
22,4,49.5316344698172
23,4,49.0932902269364
24,4,51.7929033407117
25,4,49.7992059614899
26,4,52.1193401239688
27,4,50.1341724981582
28,4,48.5874467365198
29,4,49.0254214253758
30,4,49.5740738569271
31,4,50.0104900031876
32,4,48.7067443232585
33,4,49.6596201238657
34,4,48.3761474159655
35,4,50.1922348335517
36,4,52.4439062390642
37,4,51.5544902313411
38,4,49.8743655063196
39,4,49.5164407253354
40,4,49.5858973670171
41,4,50.6372187564878
42,4,47.1311373522158
43,4,51.4729343297831
44,4,47.3596220737806
45,4,50.4048342689662
46,4,48.493911277161
47,4,50.2224938625954
48,4,51.4729074966284
49,4,51.3826963616347
50,4,50.6428077884754
51,4,50.1260384985788
52,4,48.6455323052128
53,4,51.2932055840153
54,4,49.2350062245297
55,4,47.3476693667267
56,4,48.7469202709045
57,4,49.3945129433077
58,4,48.0823862857424
59,4,49.1945556729038
60,4,47.9683487291212
61,4,49.6256622026194
62,4,49.1320620266283
63,4,48.7994335044507
64,4,49.5955687095298
65,4,50.1647316650881
66,4,48.4526621341539
67,4,48.1053053933976
68,4,48.8482219860363
69,4,46.9437981922473
70,4,48.529991036435
71,4,49.5574000948859
72,4,48.3497506579492
73,4,50.4795973755352
74,4,49.4554823852833
75,4,51.3134101645153
76,4,50.1450924924578
77,4,49.0991125353561
78,4,50.5778455314556
79,4,49.8600543968994
80,4,50.0198303210373
1,5,50.8021991970603
2,5,49.0495867129617
3,5,49.7279056518779
4,5,48.6564377899403
5,5,48.0784290731899
6,5,48.8535564894185
7,5,48.4868047876036
8,5,50.2804387498217
9,5,50.7445038397241
10,5,49.9423353792767
11,5,50.1508559002859
12,5,52.7278150349376
13,5,46.8285801558408
14,5,48.9740722085304
15,5,49.239238867226
16,5,50.0361612729708
17,5,48.9558522009172
18,5,48.3535096689925
19,5,49.4551413046933
20,5,50.496879925259
21,5,50.4790269242676
22,5,48.1882552828532
23,5,49.7210596297182
24,5,50.9479700100497
25,5,49.8531375689009
26,5,49.4455309704438
27,5,49.1525570912605
28,5,48.4431770851136
29,5,49.3931961652277
30,5,49.254072093505
31,5,51.7057495032801
32,5,48.0772410152446
33,5,48.210351786262
34,5,49.2120527507739
35,5,49.2627278026475
36,5,51.0697916710945
37,5,49.8380131905452
38,5,50.5172210076702
39,5,48.2039269989973
40,5,49.3893510425792
41,5,50.4807064318584
42,5,47.0348445951081
43,5,49.8021339292674
44,5,50.318275831351
45,5,49.223813501551
46,5,46.6594234203172
47,5,49.5617626412482
48,5,49.5916379946278
49,5,48.8416401050451
50,5,50.0668793976021
51,5,50.2683366765977
52,5,50.1255378616872
53,5,50.4802772250924
54,5,47.7765926815511
55,5,47.7505719338345
56,5,47.8764102346801
57,5,48.568762495653
58,5,48.4223470994062
59,5,47.7400229586682
60,5,47.1413871553148
61,5,49.1620881781177
62,5,48.0607641552966
63,5,48.0944899172772
64,5,48.8162596969111
65,5,49.5341429060111
66,5,49.4083286877292
67,5,48.4744548099276
68,5,50.6865090352978
69,5,47.4594586685237
70,5,48.5434543240391
71,5,49.191173161557
72,5,51.1721874089781
73,5,48.3277125491857
74,5,49.1837274186042
75,5,50.8653654378075
76,5,51.667559660686
77,5,48.973433604587
78,5,51.2053702707598
79,5,48.3232562511376
80,5,50.3172203174613
1,6,50.4427094916631
2,6,49.0004841687172
3,6,49.8912023527881
4,6,48.6082555209115
5,6,49.4264885341751
6,6,50.5590527164636
7,6,50.0297933954786
8,6,48.5913404264282
9,6,50.7543656920851
10,6,49.8041984588862
11,6,51.5349116513238
12,6,51.1987504058111
13,6,48.518870309046
14,6,48.9535527833095
15,6,51.1144060251079
16,6,48.2177720802618
17,6,48.5350608154313
18,6,48.6477399260501
19,6,48.8010500736979
20,6,51.2273231815564
21,6,49.3709619264947
22,6,49.1355156066772
23,6,48.5227560324891
24,6,50.8054420793115
25,6,51.4705495385773
26,6,50.9584299344685
27,6,49.1307495798069
28,6,48.3707160547493
29,6,49.0928050804862
30,6,50.1619312522325
31,6,49.9754729502167
32,6,49.4131094747123
33,6,50.1806529065803
34,6,49.1824845010577
35,6,48.9633351783065
36,6,50.3491500300746
37,6,51.3453845668174
38,6,48.9832798107819
39,6,49.3450020062842
40,6,50.2666268816164
41,6,49.9867381277005
42,6,47.8696146208617
43,6,51.2995115454471
44,6,50.7636545485834
45,6,49.4770809179413
46,6,49.2190479423118
47,6,51.0371405675406
48,6,49.9119663045296
49,6,51.3239067207369
50,6,50.3318380905614
51,6,50.2705434319781
52,6,49.0104673521733
53,6,49.1978053336484
54,6,48.4099537787514
55,6,49.8830491175349
56,6,50.3983528888066
57,6,48.8190646185226
58,6,48.9235854664307
59,6,49.1003191143904
60,6,49.094853353945
61,6,48.0013310161707
62,6,47.1517630352928
63,6,48.9545580412845
64,6,48.6584711571702
65,6,50.6252405110113
66,6,48.4693917082052
67,6,48.9150575762406
68,6,50.9841858002975
69,6,47.4978165403552
70,6,50.466063510111
71,6,49.1292119279417
72,6,49.4754170793835
73,6,48.219124079998
74,6,48.5259098749141
75,6,50.5252655877352
76,6,50.9155447344616
77,6,50.7235868440781
78,6,49.9575211712297
79,6,48.3798147941685
80,6,49.7383564165489
1,7,52.2095544875686
2,7,50.1822570635087
3,7,50.931649062475
4,7,50.8480193901912
5,7,49.0664332505678
6,7,51.1345710904301
7,7,49.8148458182129
8,7,48.9085328483797
9,7,49.3377733315481
10,7,50.0588574770617
11,7,52.0865061585202
12,7,53.5721012242555
13,7,49.2204062903744
14,7,50.613300403384
15,7,53.6554098566852
16,7,50.2105414317258
17,7,51.6843731621026
18,7,51.3994778590321
19,7,50.9594719535906
20,7,53.335880130313
21,7,51.0365671403146
22,7,52.3107620582987
23,7,52.1098761685062
24,7,52.3404467169815
25,7,51.4042175480528
26,7,52.0318857699389
27,7,51.5314725803921
28,7,48.5677590134894
29,7,52.5106249829813
30,7,50.2427448708324
31,7,51.6479030772241
32,7,50.56104929058
33,7,50.6952678832098
34,7,50.0813844251064
35,7,52.1256371020907
36,7,53.2718766001805
37,7,52.617068737933
38,7,51.7117411124985
39,7,50.6392216174934
40,7,50.8923926490309
41,7,49.450327620521
42,7,49.1298458535664
43,7,49.8723317040284
44,7,52.2769956820289
45,7,51.9977173107183
46,7,48.5233716631009
47,7,52.1016416308345
48,7,51.7782041045419
49,7,51.9458466998091
50,7,52.6888055159773
51,7,52.0580305734892
52,7,51.6240303636684
53,7,52.2132518097182
54,7,49.9166865128795
55,7,50.2555717242963
56,7,49.223807719181
57,7,50.6705306952569
58,7,49.1030505918789
59,7,51.1210039513855
60,7,50.4266556129095
61,7,51.6118277401017
62,7,49.9352337303881
63,7,51.4974722832427
64,7,51.9321906907384
65,7,50.6946512069351
66,7,49.6580774082762
67,7,49.7901923506723
68,7,51.2576948085499
69,7,47.4293892767231
70,7,48.7234363536693
71,7,50.8123409400361
72,7,50.9176395705528
73,7,51.2811117864914
74,7,50.6849834655387
75,7,53.3454448076051
76,7,52.5981406795451
77,7,52.5220024450448
78,7,52.4901067619298
79,7,51.2865400084509
80,7,50.6101803544358
1,8,49.631611876906
2,8,48.0966403374213
3,8,50.2688000074413
4,8,48.6892966094473
5,8,48.0518624908213
6,8,50.3756510341043
7,8,48.691968051397
8,8,47.0609194382056
9,8,51.0887701399207
10,8,49.954937091092
11,8,50.0256649843529
12,8,52.8469204298341
13,8,49.2811814018522
14,8,50.7301620704935
15,8,50.5276710104017
16,8,50.328720733302
17,8,49.0241724006841
18,8,49.756122421964
19,8,50.6921884183856
20,8,50.6811603436766
21,8,49.3264380046212
22,8,49.9900823049921
23,8,50.6880473772976
24,8,51.01785840933
25,8,51.5816915866485
26,8,49.6432957689157
27,8,49.838990280674
28,8,48.8504172829226
29,8,49.9384853966044
30,8,48.6836767977274
31,8,50.3836945010465
32,8,49.7045612710811
33,8,47.8385357882024
34,8,47.9956962129871
35,8,49.5778154853166
36,8,51.9562576122533
37,8,50.568351842176
38,8,49.6522359022089
39,8,48.7026612151502
40,8,49.9044799171956
41,8,48.047773273754
42,8,47.6375316162091
43,8,50.1053913726138
44,8,50.6657668607974
45,8,50.2522269356525
46,8,47.4672495909403
47,8,49.0548287666855
48,8,49.0730996049297
49,8,49.5058925621292
50,8,52.1553473369145
51,8,50.9514584814164
52,8,50.1750691035624
53,8,49.494807528758
54,8,49.7141652515526
55,8,48.7070589587507
56,8,47.3088951328706
57,8,49.2384716759674
58,8,48.9319837526611
59,8,50.4124717357981
60,8,47.8515792763034
61,8,49.8353001333906
62,8,48.8104332196747
63,8,49.3368105173438
64,8,50.0695795435802
65,8,50.4426154551904
66,8,48.4651279707535
67,8,47.8158005299388
68,8,50.1287654217599
69,8,46.3235630300459
70,8,49.0613010818804
71,8,51.7584237316696
72,8,48.8557645874145
73,8,48.6742442520836
74,8,50.7521017830659
75,8,50.2572272168238
76,8,49.9552272851655
77,8,51.4767102929107
78,8,50.6282292113448
79,8,47.8697226870906
80,8,50.91676335633
1,9,50.3031316686755
2,9,50.3079557750401
3,9,51.6903635179427
4,9,48.0263975139063
5,9,48.0411585218439
6,9,48.5971887617638
7,9,48.6461999685515
8,9,48.2824522979041
9,9,50.040816632469
10,9,48.7901468653258
11,9,50.0337903890058
12,9,50.837047569184
13,9,48.4494636158717
14,9,50.9445035241602
15,9,52.9243181413676
16,9,49.1954845773394
17,9,48.8474970158415
18,9,49.792882866
19,9,48.4594984382446
20,9,52.6731263093885
21,9,49.0336673165676
22,9,48.7388296076193
23,9,51.0810555350401
24,9,49.9309678178937
25,9,51.0399274488681
26,9,49.6525949050937
27,9,48.1778658217545
28,9,48.7307138426832
29,9,50.4760881987824
30,9,48.592418399477
31,9,50.428832158083
32,9,48.6706662484854
33,9,49.7394411063044
34,9,48.9661394189716
35,9,49.5023004076407
36,9,51.3358871142754
37,9,50.5301365032462
38,9,48.1669462102853
39,9,49.0829524133283
40,9,50.3660460519555
41,9,49.1472773424993
42,9,45.8470754803655
43,9,51.9701619320144
44,9,50.8343618968384
45,9,51.0057187429522
46,9,49.8126032517039
47,9,51.1954313998133
48,9,50.7165155710018
49,9,52.8110686999862
50,9,51.2388178879932
51,9,50.6239581443995
52,9,48.4250741915803
53,9,49.1669949994001
54,9,47.2230730894703
55,9,48.8894975188106
56,9,47.9075396253235
57,9,50.3424524646138
58,9,48.3749340793856
59,9,49.4881572158909
60,9,48.4398204771973
61,9,50.0476363222549
62,9,47.7266387689334
63,9,49.1860499373081
64,9,50.4542877380053
65,9,50.2606282038974
66,9,50.7233254609409
67,9,48.8729850450802
68,9,51.5287835012341
69,9,47.6940440470329
70,9,50.5142518948794
71,9,49.9239768899227
72,9,48.4367630033896
73,9,48.687484163294
74,9,49.4290962218395
75,9,51.1126822528925
76,9,50.5626899049306
77,9,50.580927167631
78,9,49.9345602953488
79,9,48.242696605398
80,9,48.3327338039275
1,10,50.9729099363949
2,10,50.1471558736528
3,10,50.1541510682572
4,10,48.0704619095355
5,10,47.3531223658865
6,10,50.7603287165015
7,10,46.9461288888936
8,10,48.7428757563787
9,10,50.3823666498792
10,10,49.4518134903098
11,10,49.0978062333993
12,10,52.0296622435347
13,10,47.0434959940718
14,10,50.8903333945663
15,10,50.5231568931237
16,10,48.3104427291713
17,10,48.6919848478344
18,10,49.8098616642017
19,10,49.376444859431
20,10,52.2823751406653
21,10,50.1580818827347
22,10,49.0755003169321
23,10,48.5997404106381
24,10,51.0193967653152
25,10,50.2620601955139
26,10,47.6492779741917
27,10,50.0332069063316
28,10,49.2164526985733
29,10,50.0712279898551
30,10,48.2905172422867
31,10,49.4770448714601
32,10,50.4245157781828
33,10,48.657664966147
34,10,49.3805962906241
35,10,48.93366540661
36,10,51.3606094951554
37,10,50.5018787198246
38,10,48.0299090492287
39,10,50.9656536606123
40,10,49.8146204420729
41,10,49.9295551673659
42,10,46.9566357310469
43,10,49.9067403967162
44,10,51.8404462206473
45,10,49.0492577535213
46,10,47.2984967635793
47,10,50.7422130911117
48,10,48.9158077318357
49,10,50.1978222424286
50,10,50.0576658296783
51,10,49.084669919059
52,10,47.8092108221538
53,10,50.0150938275273
54,10,49.3516039013381
55,10,47.9288838163296
56,10,48.129006717158
57,10,49.8292373700291
58,10,49.1455654032145
59,10,49.1184533145532
60,10,46.4972753040145
61,10,51.3262026674805
62,10,48.5636636550019
63,10,48.1592511382105
64,10,48.4532211170773
65,10,49.6902293088784
66,10,49.2802625816591
67,10,47.7462612072009
68,10,49.72487747704
69,10,47.9093807896414
70,10,49.3371760680248
71,10,50.2722320286198
72,10,48.5988712466857
73,10,49.0087737339165
74,10,48.1474783954779
75,10,51.113452634905
76,10,50.6682383411555
77,10,49.4529010137321
78,10,50.4345897909139
79,10,49.0990213039482
80,10,49.6514024807541
1,11,51.2621515616261
2,11,50.0460167268219
3,11,50.8836860077337
4,11,48.9064578980234
5,11,46.995583147984
6,11,50.2615457237228
7,11,48.7059344509983
8,11,49.0132468889117
9,11,50.0071318905473
10,11,51.8432450846457
11,11,50.1754417008788
12,11,51.3192356605534
13,11,49.0989006920368
14,11,49.3518103302128
15,11,49.9624927899314
16,11,48.9502375246274
17,11,49.525048028573
18,11,49.3600472902858
19,11,51.8281737089126
20,11,52.2216521606989
21,11,50.1567242217119
22,11,50.20996267446
23,11,49.8135948953423
24,11,51.5708253947161
25,11,50.6614021140064
26,11,50.0389044154561
27,11,49.4634989003004
28,11,47.9427234925225
29,11,49.3307877834573
30,11,48.8410113649608
31,11,50.8202443155598
32,11,48.4561141348047
33,11,47.3880563693052
34,11,50.1281620458437
35,11,49.9925039985641
36,11,50.1538597728059
37,11,49.5282318672685
38,11,48.3445869069914
39,11,49.4141544299123
40,11,49.4399902149046
41,11,49.9513406562055
42,11,48.8309194748974
43,11,49.8300552802326
44,11,51.5189991703792
45,11,49.8907272805993
46,11,48.6631013283356
47,11,50.5171539843775
48,11,50.5585784915672
49,11,51.7799445249464
50,11,50.5642946886054
51,11,50.0947013319551
52,11,50.1873683596005
53,11,50.8290498258699
54,11,48.0037680160393
55,11,50.0608082124625
56,11,49.3067071811908
57,11,50.0281992774436
58,11,47.9984057523895
59,11,49.3573454147597
60,11,49.0311737363118
61,11,49.4657307182757
62,11,48.7979950360726
63,11,49.3393341384297
64,11,49.0950028803706
65,11,49.9333005388905
66,11,49.0770423523068
67,11,50.0273412362292
68,11,51.1197636237728
69,11,47.9869639281663
70,11,49.7559259909453
71,11,51.1214928470202
72,11,48.1620301732023
73,11,50.58594843551
74,11,51.2954722711136
75,11,50.6869597853571
76,11,50.9903526207754
77,11,49.9632524174871
78,11,49.4212002562671
79,11,49.554660395947
80,11,48.9069647334022
1,12,50.4529581972725
2,12,49.9968303217493
3,12,50.582617847435
4,12,50.7747354917069
5,12,48.5251949928298
6,12,51.8659342876711
7,12,47.7646096308443
8,12,50.082696009821
9,12,50.285210685731
10,12,51.4479642711632
11,12,50.8560161380227
12,12,52.0660747853132
13,12,48.6327318143769
14,12,51.2822412937836
15,12,51.3272771088816
16,12,48.9054248570475
17,12,51.4948822933172
18,12,49.1924451862365
19,12,50.8439816602116
20,12,50.9045712914349
21,12,50.9035327188965
22,12,48.3630164087049
23,12,49.9590621158472
24,12,51.836212866085
25,12,50.2364457058736
26,12,51.8456542473206
27,12,50.8325879138136
28,12,47.578760489729
29,12,50.1309735031874
30,12,49.1758474841012
31,12,51.6516911765086
32,12,49.4946388390294
33,12,50.0951474467285
34,12,50.5015916630588
35,12,49.5020760506442
36,12,50.6076814765891
37,12,51.8007615894304
38,12,50.8548098709988
39,12,49.1492696798128
40,12,50.6329026989287
41,12,49.6201212275659
42,12,50.1798323604937
43,12,50.5516190391282
44,12,50.9282513089432
45,12,50.1716485460909
46,12,48.8107615975482
47,12,51.2433894702588
48,12,51.2367168626711
49,12,50.7637792253894
50,12,51.0882127338313
51,12,49.6806458793355
52,12,50.7529080930848
53,12,51.3004693256744
54,12,49.1022139521784
55,12,50.1208892113562
56,12,49.1713509201274
57,12,50.4126754262366
58,12,49.2426464705148
59,12,49.9176005107893
60,12,48.5609466296966
61,12,50.7116035603027
62,12,47.7922299048305
63,12,48.6927218060357
64,12,49.9371241158506
65,12,51.2762395016417
66,12,50.5064943137712
67,12,48.7045742005478
68,12,50.5154381429316
69,12,48.0889853012884
70,12,49.5113628306907
71,12,51.1405195126293
72,12,48.7699669110628
73,12,50.1312967003152
74,12,50.53847332151
75,12,51.8896241062618
76,12,52.6821029517958
77,12,52.4606508952412
78,12,50.9606127186163
79,12,50.0425151582387
80,12,51.1002117275313
