"condition","replication","failed","singular","warning","gcoef","dcoef","true_g","true_d","formula_difference"
"one_small",1,FALSE,FALSE,"",0.92601148470673,0.905495732829169,0.895522388059702,0.857142857142857,0
"one_small",2,FALSE,FALSE,"",0.889244961745763,0.865844977202353,0.895522388059702,0.857142857142857,0
"one_small",3,FALSE,FALSE,"",0.879998878834153,0.872756355091738,0.895522388059702,0.857142857142857,0
"one_small",4,FALSE,FALSE,"",0.903585781544298,0.890605009190192,0.895522388059702,0.857142857142857,0
"one_small",5,FALSE,FALSE,"",0.910582507211509,0.886733623885763,0.895522388059702,0.857142857142857,0
"one_small",6,FALSE,FALSE,"",0.908518156061884,0.900317638850926,0.895522388059702,0.857142857142857,0
"one_small",7,FALSE,FALSE,"",0.898824968163499,0.886617245807338,0.895522388059702,0.857142857142857,0
"one_small",8,FALSE,FALSE,"",0.920038549413826,0.918709040501247,0.895522388059702,0.857142857142857,0
"one_small",9,FALSE,FALSE,"",0.909294035520424,0.888119486812423,0.895522388059702,0.857142857142857,0
"one_small",10,FALSE,FALSE,"",0.91006962766225,0.859078589776946,0.895522388059702,0.857142857142857,0
"one_small",11,FALSE,FALSE,"",0.928967758817184,0.919101341014568,0.895522388059702,0.857142857142857,0
"one_small",12,FALSE,FALSE,"",0.896803186357663,0.873121377539028,0.895522388059702,0.857142857142857,0
"one_small",13,FALSE,FALSE,"",0.941115555924766,0.930608232235329,0.895522388059702,0.857142857142857,0
"one_small",14,FALSE,FALSE,"",0.886124999316219,0.833029708386238,0.895522388059702,0.857142857142857,0
"one_small",15,FALSE,FALSE,"",0.908819228905874,0.887193069397313,0.895522388059702,0.857142857142857,0
"one_small",16,FALSE,FALSE,"",0.911696460476138,0.907536576926791,0.895522388059702,0.857142857142857,0
"one_small",17,FALSE,FALSE,"",0.854500125300522,0.789247066240771,0.895522388059702,0.857142857142857,0
"one_small",18,FALSE,FALSE,"",0.893692786194506,0.889767021371047,0.895522388059702,0.857142857142857,0
"one_small",19,FALSE,FALSE,"",0.901929497916148,0.881872075205075,0.895522388059702,0.857142857142857,0
"one_small",20,FALSE,FALSE,"",0.917720015924312,0.881876266038666,0.895522388059702,0.857142857142857,0
"one_small",21,FALSE,FALSE,"",0.916521193639283,0.888298057557508,0.895522388059702,0.857142857142857,0
"one_small",22,FALSE,FALSE,"",0.908530459904358,0.893781041250378,0.895522388059702,0.857142857142857,0
"one_small",23,FALSE,FALSE,"",0.855536852631052,0.800847735432417,0.895522388059702,0.857142857142857,0
"one_small",24,FALSE,FALSE,"",0.886400928092274,0.832666734263681,0.895522388059702,0.857142857142857,0
"one_small",25,FALSE,FALSE,"",0.920294843370431,0.885610171266906,0.895522388059702,0.857142857142857,0
"one_small",26,FALSE,FALSE,"",0.921658689982701,0.914152521724451,0.895522388059702,0.857142857142857,0
"one_small",27,FALSE,FALSE,"",0.847848223003449,0.835208207852224,0.895522388059702,0.857142857142857,0
"one_small",28,FALSE,FALSE,"",0.827710059407702,0.821795613549079,0.895522388059702,0.857142857142857,0
"one_small",29,FALSE,FALSE,"",0.88706272209084,0.862777936478421,0.895522388059702,0.857142857142857,0
"one_small",30,FALSE,FALSE,"",0.883860838083582,0.862143657993591,0.895522388059702,0.857142857142857,0
"one_small",31,FALSE,FALSE,"",0.914410165016012,0.858037390675965,0.895522388059702,0.857142857142857,0
"one_small",32,FALSE,FALSE,"",0.89034029289028,0.850286208025697,0.895522388059702,0.857142857142857,0
"one_small",33,FALSE,FALSE,"",0.885520102037529,0.879399074730163,0.895522388059702,0.857142857142857,0
"one_small",34,FALSE,FALSE,"",0.861442942270951,0.81469987504198,0.895522388059702,0.857142857142857,0
"one_small",35,FALSE,FALSE,"",0.808289282690793,0.715236876672567,0.895522388059702,0.857142857142857,0
"one_small",36,FALSE,FALSE,"",0.904730498334777,0.871808195944492,0.895522388059702,0.857142857142857,0
"one_small",37,FALSE,FALSE,"",0.870812760172243,0.81271168781198,0.895522388059702,0.857142857142857,0
"one_small",38,FALSE,FALSE,"",0.88532528170118,0.852207562557509,0.895522388059702,0.857142857142857,0
"one_small",39,FALSE,FALSE,"",0.89816431971748,0.886446238477004,0.895522388059702,0.857142857142857,0
"one_small",40,FALSE,FALSE,"",0.952817997663916,0.893937563971849,0.895522388059702,0.857142857142857,0
"one_small",41,FALSE,FALSE,"",0.879381221561954,0.839265296876815,0.895522388059702,0.857142857142857,0
"one_small",42,FALSE,FALSE,"",0.894371030929584,0.88234484953501,0.895522388059702,0.857142857142857,0
"one_small",43,FALSE,FALSE,"",0.901248443429418,0.880592315138837,0.895522388059702,0.857142857142857,0
"one_small",44,FALSE,FALSE,"",0.910671549274553,0.900130646885568,0.895522388059702,0.857142857142857,0
"one_small",45,FALSE,FALSE,"",0.851092608343095,0.816730320062244,0.895522388059702,0.857142857142857,0
"one_small",46,FALSE,FALSE,"",0.890421919028804,0.871999392387164,0.895522388059702,0.857142857142857,0
"one_small",47,FALSE,FALSE,"",0.907573939257001,0.845869501579221,0.895522388059702,0.857142857142857,0
"one_small",48,FALSE,FALSE,"",0.904159365665057,0.885550288251185,0.895522388059702,0.857142857142857,0
"one_small",49,FALSE,FALSE,"",0.927657705023351,0.899729859712655,0.895522388059702,0.857142857142857,0
"one_small",50,FALSE,FALSE,"",0.886573116982479,0.863618845734063,0.895522388059702,0.857142857142857,0
"one_small",51,FALSE,FALSE,"",0.906457735487329,0.837855298781994,0.895522388059702,0.857142857142857,0
"one_small",52,FALSE,FALSE,"",0.89509375473242,0.833879206782393,0.895522388059702,0.857142857142857,0
"one_small",53,FALSE,FALSE,"",0.888004210869752,0.84701418221871,0.895522388059702,0.857142857142857,0
"one_small",54,FALSE,FALSE,"",0.935733803651176,0.913243588380496,0.895522388059702,0.857142857142857,0
"one_small",55,FALSE,FALSE,"",0.913459572890184,0.897616542501868,0.895522388059702,0.857142857142857,0
"one_small",56,FALSE,FALSE,"",0.914877986113336,0.881661949528538,0.895522388059702,0.857142857142857,0
"one_small",57,FALSE,FALSE,"",0.858414080696752,0.802512210890044,0.895522388059702,0.857142857142857,0
"one_small",58,FALSE,FALSE,"",0.870249400325536,0.831537607887747,0.895522388059702,0.857142857142857,0
"one_small",59,FALSE,FALSE,"",0.912617275723093,0.879902489874495,0.895522388059702,0.857142857142857,0
"one_small",60,FALSE,FALSE,"",0.875733634173561,0.815052137539034,0.895522388059702,0.857142857142857,0
"one_small",61,FALSE,FALSE,"",0.918164816393271,0.865026821628923,0.895522388059702,0.857142857142857,0
"one_small",62,FALSE,FALSE,"",0.914087271927514,0.877531379564772,0.895522388059702,0.857142857142857,0
"one_small",63,FALSE,FALSE,"",0.882422110747055,0.822495709622991,0.895522388059702,0.857142857142857,0
"one_small",64,FALSE,FALSE,"",0.877739570823495,0.87132175993389,0.895522388059702,0.857142857142857,0
"one_small",65,FALSE,FALSE,"",0.871662401186869,0.840820131347821,0.895522388059702,0.857142857142857,0
"one_small",66,FALSE,FALSE,"",0.894298766908166,0.846022032026505,0.895522388059702,0.857142857142857,0
"one_small",67,FALSE,FALSE,"",0.882110880387673,0.844893794483032,0.895522388059702,0.857142857142857,0
"one_small",68,FALSE,FALSE,"",0.869295165096411,0.867615650539727,0.895522388059702,0.857142857142857,0
"one_small",69,FALSE,FALSE,"",0.799966623514482,0.749147436019063,0.895522388059702,0.857142857142857,0
"one_small",70,FALSE,FALSE,"",0.912637342713097,0.906149615415671,0.895522388059702,0.857142857142857,0
"one_small",71,FALSE,FALSE,"",0.909920149155546,0.885083498690552,0.895522388059702,0.857142857142857,0
"one_small",72,FALSE,FALSE,"",0.878800467046746,0.844465415845233,0.895522388059702,0.857142857142857,0
"one_small",73,FALSE,FALSE,"",0.891228358869672,0.87551782371949,0.895522388059702,0.857142857142857,0
"one_small",74,FALSE,FALSE,"",0.846764358212232,0.829466064242123,0.895522388059702,0.857142857142857,0
"one_small",75,FALSE,FALSE,"",0.908334463917049,0.899583477866837,0.895522388059702,0.857142857142857,0
"one_small",76,FALSE,FALSE,"",0.902750928067378,0.879848819197281,0.895522388059702,0.857142857142857,0
"one_small",77,FALSE,FALSE,"",0.870147946414977,0.818982464058664,0.895522388059702,0.857142857142857,0
"one_small",78,FALSE,FALSE,"",0.959800646675121,0.954230147456489,0.895522388059702,0.857142857142857,0
"one_small",79,FALSE,FALSE,"",0.918896251361259,0.893218283595505,0.895522388059702,0.857142857142857,0
"one_small",80,FALSE,FALSE,"",0.896520760487641,0.828047855431447,0.895522388059702,0.857142857142857,0
"one_small",81,FALSE,FALSE,"",0.910200596185396,0.853112402104605,0.895522388059702,0.857142857142857,0
"one_small",82,FALSE,FALSE,"",0.864833199003508,0.825197563663595,0.895522388059702,0.857142857142857,0
"one_small",83,FALSE,FALSE,"",0.852111965190814,0.83935990124692,0.895522388059702,0.857142857142857,0
"one_small",84,FALSE,FALSE,"",0.914902889923353,0.879585596512587,0.895522388059702,0.857142857142857,0
"one_small",85,FALSE,FALSE,"",0.898526170662385,0.838319483254608,0.895522388059702,0.857142857142857,0
"one_small",86,FALSE,FALSE,"",0.906711508076735,0.885248302432339,0.895522388059702,0.857142857142857,0
"one_small",87,FALSE,FALSE,"",0.912473243366561,0.883112806397417,0.895522388059702,0.857142857142857,0
"one_small",88,FALSE,FALSE,"",0.927114590654696,0.901448172945828,0.895522388059702,0.857142857142857,0
"one_small",89,FALSE,FALSE,"",0.909786210673155,0.896381027568874,0.895522388059702,0.857142857142857,0
"one_small",90,FALSE,FALSE,"",0.868091596889014,0.800370159405047,0.895522388059702,0.857142857142857,0
"one_small",91,FALSE,FALSE,"",0.879817535800796,0.815473123277905,0.895522388059702,0.857142857142857,0
"one_small",92,FALSE,FALSE,"",0.861362317716356,0.802844622173411,0.895522388059702,0.857142857142857,0
"one_small",93,FALSE,FALSE,"",0.906204359377274,0.889494961225063,0.895522388059702,0.857142857142857,0
"one_small",94,FALSE,FALSE,"",0.91144251572346,0.860985291692867,0.895522388059702,0.857142857142857,0
"one_small",95,FALSE,FALSE,"",0.886345740802322,0.833977565666746,0.895522388059702,0.857142857142857,0
"one_small",96,FALSE,FALSE,"",0.946808635846594,0.869337718047725,0.895522388059702,0.857142857142857,0
"one_small",97,FALSE,FALSE,"",0.90970149633506,0.890151147771755,0.895522388059702,0.857142857142857,0
"one_small",98,FALSE,FALSE,"",0.868457985965998,0.83441896632669,0.895522388059702,0.857142857142857,0
"one_small",99,FALSE,FALSE,"",0.883292126107057,0.855507645531774,0.895522388059702,0.857142857142857,0
"one_small",100,FALSE,FALSE,"",0.868618896161817,0.786390578699594,0.895522388059702,0.857142857142857,0
"one_large",1,FALSE,FALSE,"",0.948770389231789,0.939190447776674,0.94488188976378,0.923076923076923,0
"one_large",2,FALSE,FALSE,"",0.957267591444696,0.910800537395437,0.94488188976378,0.923076923076923,0
"one_large",3,FALSE,FALSE,"",0.946308270212402,0.918348621165731,0.94488188976378,0.923076923076923,0
"one_large",4,FALSE,FALSE,"",0.948011866289578,0.908653798130966,0.94488188976378,0.923076923076923,0
"one_large",5,FALSE,FALSE,"",0.924720512300501,0.910885763550509,0.94488188976378,0.923076923076923,0
"one_large",6,FALSE,FALSE,"",0.943676065013941,0.897602091794482,0.94488188976378,0.923076923076923,0
"one_large",7,FALSE,FALSE,"",0.942672151973978,0.92707877092749,0.94488188976378,0.923076923076923,0
"one_large",8,FALSE,FALSE,"",0.957420851681125,0.941298321479413,0.94488188976378,0.923076923076923,0
"one_large",9,FALSE,FALSE,"",0.948644315627812,0.938240997280511,0.94488188976378,0.923076923076923,0
"one_large",10,FALSE,FALSE,"",0.946136517958588,0.929035000273757,0.94488188976378,0.923076923076923,0
"one_large",11,FALSE,FALSE,"",0.952489738525067,0.914335109029279,0.94488188976378,0.923076923076923,0
"one_large",12,FALSE,FALSE,"",0.95069932068424,0.921803890153897,0.94488188976378,0.923076923076923,0
"one_large",13,FALSE,FALSE,"",0.933810264985222,0.912477465869709,0.94488188976378,0.923076923076923,0
"one_large",14,FALSE,FALSE,"",0.944037659222003,0.885495373376402,0.94488188976378,0.923076923076923,0
"one_large",15,FALSE,FALSE,"",0.937193541993684,0.917562071253342,0.94488188976378,0.923076923076923,0
"one_large",16,FALSE,FALSE,"",0.950988415422527,0.93651176769579,0.94488188976378,0.923076923076923,0
"one_large",17,FALSE,FALSE,"",0.921479178759566,0.884999792662417,0.94488188976378,0.923076923076923,0
"one_large",18,FALSE,FALSE,"",0.957025827407595,0.946918955027254,0.94488188976378,0.923076923076923,0
"one_large",19,FALSE,FALSE,"",0.951569177111924,0.934553451320498,0.94488188976378,0.923076923076923,0
"one_large",20,FALSE,FALSE,"",0.942612086800439,0.920515349145361,0.94488188976378,0.923076923076923,0
"one_large",21,FALSE,FALSE,"",0.929532940369938,0.897668381026301,0.94488188976378,0.923076923076923,0
"one_large",22,FALSE,FALSE,"",0.936307665178558,0.926741052377906,0.94488188976378,0.923076923076923,0
"one_large",23,FALSE,FALSE,"",0.922990849844462,0.888035745827077,0.94488188976378,0.923076923076923,0
"one_large",24,FALSE,FALSE,"",0.933960394244041,0.908707864170887,0.94488188976378,0.923076923076923,0
"one_large",25,FALSE,FALSE,"",0.920666427137426,0.900070332583671,0.94488188976378,0.923076923076923,0
"one_large",26,FALSE,FALSE,"",0.939790770353407,0.91834441283815,0.94488188976378,0.923076923076923,0
"one_large",27,FALSE,FALSE,"",0.943110160062758,0.922539716805798,0.94488188976378,0.923076923076923,0
"one_large",28,FALSE,FALSE,"",0.937969599689986,0.924858698318836,0.94488188976378,0.923076923076923,0
"one_large",29,FALSE,FALSE,"",0.938675533228822,0.88921792777036,0.94488188976378,0.923076923076923,0
"one_large",30,FALSE,FALSE,"",0.940450259173593,0.909430974588064,0.94488188976378,0.923076923076923,0
"one_large",31,FALSE,FALSE,"",0.956811247856434,0.950787948124994,0.94488188976378,0.923076923076923,0
"one_large",32,FALSE,FALSE,"",0.926855328794547,0.886563989239258,0.94488188976378,0.923076923076923,0
"one_large",33,FALSE,FALSE,"",0.94991431960497,0.939724031344146,0.94488188976378,0.923076923076923,0
"one_large",34,FALSE,FALSE,"",0.959324885504694,0.951641683704664,0.94488188976378,0.923076923076923,0
"one_large",35,FALSE,FALSE,"",0.950949731761892,0.934778215756044,0.94488188976378,0.923076923076923,0
"one_large",36,FALSE,FALSE,"",0.940356084695057,0.910991106423525,0.94488188976378,0.923076923076923,0
"one_large",37,FALSE,FALSE,"",0.94198552882113,0.921265463939456,0.94488188976378,0.923076923076923,0
"one_large",38,FALSE,FALSE,"",0.937454296939041,0.924672770254447,0.94488188976378,0.923076923076923,0
"one_large",39,FALSE,FALSE,"",0.943066965908752,0.922864239255672,0.94488188976378,0.923076923076923,0
"one_large",40,FALSE,FALSE,"",0.94858067461365,0.931981441775843,0.94488188976378,0.923076923076923,0
"one_large",41,FALSE,FALSE,"",0.930107642663114,0.915912260508785,0.94488188976378,0.923076923076923,0
"one_large",42,FALSE,FALSE,"",0.949874903072729,0.932100239153191,0.94488188976378,0.923076923076923,0
"one_large",43,FALSE,FALSE,"",0.940340861311404,0.926875857097906,0.94488188976378,0.923076923076923,0
"one_large",44,FALSE,FALSE,"",0.954201169128587,0.938507331258536,0.94488188976378,0.923076923076923,0
"one_large",45,FALSE,FALSE,"",0.948258195336606,0.925391522198896,0.94488188976378,0.923076923076923,0
"one_large",46,FALSE,FALSE,"",0.927037513852797,0.895432119631527,0.94488188976378,0.923076923076923,0
"one_large",47,FALSE,FALSE,"",0.933623249136373,0.914637242082274,0.94488188976378,0.923076923076923,0
"one_large",48,FALSE,FALSE,"",0.931127568346121,0.900965589858262,0.94488188976378,0.923076923076923,0
"one_large",49,FALSE,FALSE,"",0.948219094787724,0.920580079641402,0.94488188976378,0.923076923076923,0
"one_large",50,FALSE,FALSE,"",0.940554277219377,0.931683882277737,0.94488188976378,0.923076923076923,0
"one_large",51,FALSE,FALSE,"",0.951259454990427,0.927320308798437,0.94488188976378,0.923076923076923,0
"one_large",52,FALSE,FALSE,"",0.932184355215572,0.924888562790308,0.94488188976378,0.923076923076923,0
"one_large",53,FALSE,FALSE,"",0.960569782303951,0.94821156625993,0.94488188976378,0.923076923076923,0
"one_large",54,FALSE,FALSE,"",0.950263559319846,0.933720376596985,0.94488188976378,0.923076923076923,0
"one_large",55,FALSE,FALSE,"",0.937301557326023,0.910923029482919,0.94488188976378,0.923076923076923,0
"one_large",56,FALSE,FALSE,"",0.915464973598423,0.89518421309286,0.94488188976378,0.923076923076923,0
"one_large",57,FALSE,FALSE,"",0.952477916441278,0.941720896748447,0.94488188976378,0.923076923076923,0
"one_large",58,FALSE,FALSE,"",0.948939835637608,0.93454055455689,0.94488188976378,0.923076923076923,0
"one_large",59,FALSE,FALSE,"",0.951555472006753,0.936459539406933,0.94488188976378,0.923076923076923,0
"one_large",60,FALSE,FALSE,"",0.950693102410962,0.933075107227741,0.94488188976378,0.923076923076923,0
"one_large",61,FALSE,FALSE,"",0.95835240185284,0.951549226072175,0.94488188976378,0.923076923076923,0
"one_large",62,FALSE,FALSE,"",0.948466163095829,0.933936212333529,0.94488188976378,0.923076923076923,0
"one_large",63,FALSE,FALSE,"",0.920107644779461,0.8713178565409,0.94488188976378,0.923076923076923,0
"one_large",64,FALSE,FALSE,"",0.945867514597886,0.913254982615495,0.94488188976378,0.923076923076923,0
"one_large",65,FALSE,FALSE,"",0.955287185481928,0.924589214235547,0.94488188976378,0.923076923076923,0
"one_large",66,FALSE,FALSE,"",0.956415676038377,0.938644665564222,0.94488188976378,0.923076923076923,0
"one_large",67,FALSE,FALSE,"",0.931431327709681,0.899467444808652,0.94488188976378,0.923076923076923,0
"one_large",68,FALSE,FALSE,"",0.924216410927269,0.916686698125772,0.94488188976378,0.923076923076923,0
"one_large",69,FALSE,FALSE,"",0.944349060477779,0.924329075195471,0.94488188976378,0.923076923076923,0
"one_large",70,FALSE,FALSE,"",0.948577575537735,0.941103156375794,0.94488188976378,0.923076923076923,0
"one_large",71,FALSE,FALSE,"",0.950837858054352,0.896757347598146,0.94488188976378,0.923076923076923,0
"one_large",72,FALSE,FALSE,"",0.954880303114004,0.933847924238778,0.94488188976378,0.923076923076923,0
"one_large",73,FALSE,FALSE,"",0.954693102874287,0.935410121213825,0.94488188976378,0.923076923076923,0
"one_large",74,FALSE,FALSE,"",0.949065931222371,0.919611167571351,0.94488188976378,0.923076923076923,0
"one_large",75,FALSE,FALSE,"",0.947398480226676,0.925825454934209,0.94488188976378,0.923076923076923,0
"one_large",76,FALSE,FALSE,"",0.948111610693214,0.93145116752667,0.94488188976378,0.923076923076923,0
"one_large",77,FALSE,FALSE,"",0.950990702257233,0.931616018549089,0.94488188976378,0.923076923076923,0
"one_large",78,FALSE,FALSE,"",0.946854603083191,0.9232740584805,0.94488188976378,0.923076923076923,0
"one_large",79,FALSE,FALSE,"",0.937505198423912,0.907167415018482,0.94488188976378,0.923076923076923,0
"one_large",80,FALSE,FALSE,"",0.958461746710207,0.93915939435564,0.94488188976378,0.923076923076923,0
"one_large",81,FALSE,FALSE,"",0.947607807213037,0.910502723687081,0.94488188976378,0.923076923076923,0
"one_large",82,FALSE,FALSE,"",0.946571695823246,0.93632254236096,0.94488188976378,0.923076923076923,0
"one_large",83,FALSE,FALSE,"",0.948685122874687,0.934939504274705,0.94488188976378,0.923076923076923,0
"one_large",84,FALSE,FALSE,"",0.953053269541467,0.935993482038449,0.94488188976378,0.923076923076923,0
"one_large",85,FALSE,FALSE,"",0.949624758153874,0.918621226495523,0.94488188976378,0.923076923076923,0
"one_large",86,FALSE,FALSE,"",0.947525380165177,0.914196681998497,0.94488188976378,0.923076923076923,0
"one_large",87,FALSE,FALSE,"",0.949420506408135,0.938940098233634,0.94488188976378,0.923076923076923,0
"one_large",88,FALSE,FALSE,"",0.940321509373525,0.916585467993042,0.94488188976378,0.923076923076923,0
"one_large",89,FALSE,FALSE,"",0.947748760511767,0.924914560210214,0.94488188976378,0.923076923076923,0
"one_large",90,FALSE,FALSE,"",0.939550200546546,0.91334333731609,0.94488188976378,0.923076923076923,0
"one_large",91,FALSE,FALSE,"",0.939038286116228,0.923605089647377,0.94488188976378,0.923076923076923,0
"one_large",92,FALSE,FALSE,"",0.941852762836848,0.905713297541805,0.94488188976378,0.923076923076923,0
"one_large",93,FALSE,FALSE,"",0.944560509129461,0.917965664211072,0.94488188976378,0.923076923076923,0
"one_large",94,FALSE,FALSE,"",0.922013704727871,0.908443924167264,0.94488188976378,0.923076923076923,0
"one_large",95,FALSE,FALSE,"",0.942893771830003,0.928044997708158,0.94488188976378,0.923076923076923,0
"one_large",96,FALSE,FALSE,"",0.938830991465857,0.924766605514943,0.94488188976378,0.923076923076923,0
"one_large",97,FALSE,FALSE,"",0.949525138691768,0.936875899269934,0.94488188976378,0.923076923076923,0
"one_large",98,FALSE,FALSE,"",0.942881241039993,0.916548649625423,0.94488188976378,0.923076923076923,0
"one_large",99,FALSE,FALSE,"",0.942366254058605,0.927240150186477,0.94488188976378,0.923076923076923,0
"one_large",100,FALSE,FALSE,"",0.941116324090323,0.918217862949538,0.94488188976378,0.923076923076923,0
"two_small",1,FALSE,FALSE,"",0.919176923651685,0.843608133895871,0.906801007556675,0.829493087557604,0
"two_small",2,FALSE,FALSE,"",0.91297518855812,0.887487677806088,0.906801007556675,0.829493087557604,1.11022302462516e-16
"two_small",3,FALSE,FALSE,"",0.912478404144143,0.839192050109993,0.906801007556675,0.829493087557604,0
"two_small",4,FALSE,FALSE,"",0.878868232105798,0.842563050503695,0.906801007556675,0.829493087557604,0
"two_small",5,FALSE,FALSE,"",0.90299837117081,0.825676252470943,0.906801007556675,0.829493087557604,0
"two_small",6,FALSE,FALSE,"",0.92688166552226,0.892575586937067,0.906801007556675,0.829493087557604,0
"two_small",7,FALSE,FALSE,"",0.937104796683006,0.902588932117372,0.906801007556675,0.829493087557604,0
"two_small",8,FALSE,FALSE,"",0.851363135690947,0.818086950221348,0.906801007556675,0.829493087557604,0
"two_small",9,FALSE,FALSE,"",0.899626038797629,0.8433472234266,0.906801007556675,0.829493087557604,0
"two_small",10,FALSE,FALSE,"",0.883100721357853,0.676114443206327,0.906801007556675,0.829493087557604,0
"two_small",11,FALSE,FALSE,"",0.920567854692553,0.807218155859107,0.906801007556675,0.829493087557604,0
"two_small",12,FALSE,FALSE,"",0.90662984584929,0.855372007655072,0.906801007556675,0.829493087557604,0
"two_small",13,FALSE,FALSE,"",0.924119271582521,0.818931622067408,0.906801007556675,0.829493087557604,0
"two_small",14,FALSE,FALSE,"",0.885121744240875,0.811318789624264,0.906801007556675,0.829493087557604,0
"two_small",15,FALSE,FALSE,"",0.906096838105926,0.788678362895152,0.906801007556675,0.829493087557604,0
"two_small",16,FALSE,TRUE,"",0.927828922484974,0.908767354184283,0.906801007556675,0.829493087557604,0
"two_small",17,FALSE,FALSE,"",0.877202660294588,0.764960860302417,0.906801007556675,0.829493087557604,0
"two_small",18,FALSE,FALSE,"",0.933975971613837,0.866723602582079,0.906801007556675,0.829493087557604,0
"two_small",19,FALSE,FALSE,"",0.842999437501044,0.762991297686871,0.906801007556675,0.829493087557604,0
"two_small",20,FALSE,FALSE,"",0.810529294546803,0.610719906463808,0.906801007556675,0.829493087557604,0
"two_small",21,FALSE,FALSE,"",0.916826785108792,0.870634967652349,0.906801007556675,0.829493087557604,0
"two_small",22,FALSE,FALSE,"",0.915047020443275,0.871571543139555,0.906801007556675,0.829493087557604,0
"two_small",23,FALSE,FALSE,"",0.874119119661684,0.761613078493384,0.906801007556675,0.829493087557604,0
"two_small",24,FALSE,FALSE,"",0.895017502022716,0.742538948585601,0.906801007556675,0.829493087557604,0
"two_small",25,FALSE,FALSE,"",0.864496406118735,0.837306432095617,0.906801007556675,0.829493087557604,0
"two_small",26,FALSE,TRUE,"",0.925754123886315,0.872102558254875,0.906801007556675,0.829493087557604,0
"two_small",27,FALSE,TRUE,"",0.858352215562665,0.851351549788194,0.906801007556675,0.829493087557604,0
"two_small",28,FALSE,FALSE,"",0.889350394636708,0.783473370979857,0.906801007556675,0.829493087557604,0
"two_small",29,FALSE,FALSE,"",0.938175973268906,0.916093155167255,0.906801007556675,0.829493087557604,0
"two_small",30,FALSE,FALSE,"",0.88873581452891,0.773345670773707,0.906801007556675,0.829493087557604,0
"two_small",31,FALSE,FALSE,"",0.888083385239782,0.801702577146259,0.906801007556675,0.829493087557604,0
"two_small",32,FALSE,FALSE,"",0.915855779318625,0.887052340507538,0.906801007556675,0.829493087557604,0
"two_small",33,FALSE,FALSE,"",0.88083651675966,0.808447585695662,0.906801007556675,0.829493087557604,0
"two_small",34,FALSE,FALSE,"",0.849460183226626,0.76960205661312,0.906801007556675,0.829493087557604,0
"two_small",35,FALSE,FALSE,"",0.933285088187101,0.851043600967414,0.906801007556675,0.829493087557604,0
"two_small",36,FALSE,TRUE,"",0.90854176706787,0.863980292099555,0.906801007556675,0.829493087557604,0
"two_small",37,FALSE,FALSE,"",0.855760030085022,0.773043677794582,0.906801007556675,0.829493087557604,1.11022302462516e-16
"two_small",38,FALSE,FALSE,"",0.934248869416634,0.845848148094066,0.906801007556675,0.829493087557604,0
"two_small",39,FALSE,FALSE,"",0.888722483195521,0.840402742244871,0.906801007556675,0.829493087557604,0
"two_small",40,FALSE,FALSE,"",0.869159582840838,0.820174523118,0.906801007556675,0.829493087557604,1.11022302462516e-16
"two_small",41,FALSE,FALSE,"",0.912898769929991,0.809317644475151,0.906801007556675,0.829493087557604,0
"two_small",42,FALSE,FALSE,"",0.908455580955415,0.86016578513248,0.906801007556675,0.829493087557604,0
"two_small",43,FALSE,FALSE,"",0.927692310292917,0.861183570482199,0.906801007556675,0.829493087557604,0
"two_small",44,FALSE,FALSE,"",0.89845746547779,0.867802999376827,0.906801007556675,0.829493087557604,0
"two_small",45,FALSE,FALSE,"",0.838485151409501,0.807189172694449,0.906801007556675,0.829493087557604,0
"two_small",46,FALSE,FALSE,"",0.93565215152075,0.857485732220528,0.906801007556675,0.829493087557604,0
"two_small",47,FALSE,FALSE,"",0.904225536447724,0.812235341327968,0.906801007556675,0.829493087557604,0
"two_small",48,FALSE,FALSE,"",0.891039585566293,0.825653160351357,0.906801007556675,0.829493087557604,0
"two_small",49,FALSE,FALSE,"",0.879012659622867,0.785719954225204,0.906801007556675,0.829493087557604,0
"two_small",50,FALSE,FALSE,"",0.858408412694223,0.746668599321259,0.906801007556675,0.829493087557604,0
"two_small",51,FALSE,FALSE,"",0.892094305387449,0.761234189956077,0.906801007556675,0.829493087557604,0
"two_small",52,FALSE,FALSE,"",0.913779753794326,0.740860164848445,0.906801007556675,0.829493087557604,0
"two_small",53,FALSE,FALSE,"",0.894052361895629,0.845905807091314,0.906801007556675,0.829493087557604,0
"two_small",54,FALSE,TRUE,"",0.91186836406919,0.801812103190153,0.906801007556675,0.829493087557604,2.22044604925031e-16
"two_small",55,FALSE,TRUE,"",0.898887932182695,0.889579682287603,0.906801007556675,0.829493087557604,0
"two_small",56,FALSE,FALSE,"",0.906013341301236,0.860414209780075,0.906801007556675,0.829493087557604,0
"two_small",57,FALSE,FALSE,"",0.939380459614688,0.867479884911014,0.906801007556675,0.829493087557604,0
"two_small",58,FALSE,FALSE,"",0.935070411440061,0.824041905804227,0.906801007556675,0.829493087557604,0
"two_small",59,FALSE,FALSE,"",0.906059015360613,0.829651132115479,0.906801007556675,0.829493087557604,0
"two_small",60,FALSE,FALSE,"",0.898312811832298,0.845503640841003,0.906801007556675,0.829493087557604,0
"two_small",61,FALSE,FALSE,"",0.921467422809852,0.870221764694179,0.906801007556675,0.829493087557604,0
"two_small",62,FALSE,FALSE,"",0.9228734787003,0.866956201609279,0.906801007556675,0.829493087557604,0
"two_small",63,FALSE,FALSE,"",0.881209742731126,0.810949178045238,0.906801007556675,0.829493087557604,0
"two_small",64,FALSE,FALSE,"",0.90275759013676,0.872825515926871,0.906801007556675,0.829493087557604,2.22044604925031e-16
"two_small",65,FALSE,FALSE,"",0.820515445897548,0.697632057172629,0.906801007556675,0.829493087557604,0
"two_small",66,FALSE,FALSE,"",0.909064355350406,0.873895195029686,0.906801007556675,0.829493087557604,0
"two_small",67,FALSE,FALSE,"",0.908255489006555,0.872664377284736,0.906801007556675,0.829493087557604,0
"two_small",68,FALSE,FALSE,"",0.942993714271513,0.841763184226864,0.906801007556675,0.829493087557604,0
"two_small",69,FALSE,FALSE,"",0.900286312920626,0.747628583037478,0.906801007556675,0.829493087557604,1.11022302462516e-16
"two_small",70,FALSE,FALSE,"",0.85632237004978,0.805848086749964,0.906801007556675,0.829493087557604,1.11022302462516e-16
"two_small",71,FALSE,FALSE,"",0.916363363575097,0.867005435612365,0.906801007556675,0.829493087557604,0
"two_small",72,FALSE,FALSE,"",0.933934482999978,0.728968357765248,0.906801007556675,0.829493087557604,0
"two_small",73,FALSE,FALSE,"",0.928938681346466,0.784437171999052,0.906801007556675,0.829493087557604,0
"two_small",74,FALSE,FALSE,"",0.801548341983611,0.721998082839891,0.906801007556675,0.829493087557604,0
"two_small",75,FALSE,FALSE,"",0.928145503556283,0.878323658364506,0.906801007556675,0.829493087557604,0
"two_small",76,FALSE,FALSE,"",0.927295512575841,0.876900932756391,0.906801007556675,0.829493087557604,0
"two_small",77,FALSE,TRUE,"",0.871361530371347,0.804725360326596,0.906801007556675,0.829493087557604,0
"two_small",78,FALSE,FALSE,"",0.875429146972974,0.822254152536635,0.906801007556675,0.829493087557604,0
"two_small",79,FALSE,FALSE,"",0.925736451497918,0.874697183137567,0.906801007556675,0.829493087557604,0
"two_small",80,FALSE,FALSE,"",0.917675047579487,0.861862744211994,0.906801007556675,0.829493087557604,0
"two_small",81,FALSE,FALSE,"",0.879276914535056,0.75377992689534,0.906801007556675,0.829493087557604,0
"two_small",82,FALSE,FALSE,"",0.921195841884069,0.808515169001887,0.906801007556675,0.829493087557604,0
"two_small",83,FALSE,FALSE,"",0.918052439315607,0.855543599138151,0.906801007556675,0.829493087557604,0
"two_small",84,FALSE,TRUE,"",0.832786365928298,0.798189014156342,0.906801007556675,0.829493087557604,2.22044604925031e-16
"two_small",85,FALSE,FALSE,"",0.88641967728377,0.814356221630036,0.906801007556675,0.829493087557604,0
"two_small",86,FALSE,FALSE,"",0.918358024499842,0.856738840111495,0.906801007556675,0.829493087557604,0
"two_small",87,FALSE,FALSE,"",0.931753374852267,0.806670022637129,0.906801007556675,0.829493087557604,0
"two_small",88,FALSE,FALSE,"",0.864603836681323,0.702816580908693,0.906801007556675,0.829493087557604,0
"two_small",89,FALSE,FALSE,"",0.919462823310947,0.863086448624611,0.906801007556675,0.829493087557604,0
"two_small",90,FALSE,FALSE,"",0.891611994335095,0.853065309415302,0.906801007556675,0.829493087557604,0
"two_small",91,FALSE,FALSE,"",0.896609676228243,0.813582258999937,0.906801007556675,0.829493087557604,0
"two_small",92,FALSE,TRUE,"",0.85305001546195,0.776019504305168,0.906801007556675,0.829493087557604,0
"two_small",93,FALSE,FALSE,"",0.903737476661885,0.832910741496164,0.906801007556675,0.829493087557604,0
"two_small",94,FALSE,FALSE,"",0.887613756724261,0.810828730180576,0.906801007556675,0.829493087557604,0
"two_small",95,FALSE,FALSE,"",0.908644956201636,0.87839186650379,0.906801007556675,0.829493087557604,0
"two_small",96,FALSE,FALSE,"",0.861641352024593,0.846940127566907,0.906801007556675,0.829493087557604,0
"two_small",97,FALSE,FALSE,"",0.898490573488167,0.832387721899662,0.906801007556675,0.829493087557604,0
"two_small",98,FALSE,FALSE,"",0.893909042080905,0.855904696171384,0.906801007556675,0.829493087557604,0
"two_small",99,FALSE,FALSE,"",0.926281872442974,0.843974176189592,0.906801007556675,0.829493087557604,0
"two_small",100,FALSE,FALSE,"",0.834465982755035,0.655775635260551,0.906801007556675,0.829493087557604,0
"two_large",1,FALSE,FALSE,"",0.921138789601934,0.83939373527665,0.932944606413994,0.870748299319728,0
"two_large",2,FALSE,FALSE,"",0.929675936418998,0.888313929239752,0.932944606413994,0.870748299319728,0
"two_large",3,FALSE,FALSE,"",0.941903915199363,0.800251059464089,0.932944606413994,0.870748299319728,0
"two_large",4,FALSE,FALSE,"",0.940766370233823,0.853251277043625,0.932944606413994,0.870748299319728,0
"two_large",5,FALSE,FALSE,"",0.935170614943611,0.870770376637131,0.932944606413994,0.870748299319728,0
"two_large",6,FALSE,FALSE,"",0.90377460009042,0.822357060482301,0.932944606413994,0.870748299319728,0
"two_large",7,FALSE,FALSE,"",0.928429874303738,0.896439568055068,0.932944606413994,0.870748299319728,0
"two_large",8,FALSE,FALSE,"",0.917464838818349,0.836385775978129,0.932944606413994,0.870748299319728,2.22044604925031e-16
"two_large",9,FALSE,FALSE,"",0.866631653150538,0.714989926671886,0.932944606413994,0.870748299319728,0
"two_large",10,FALSE,FALSE,"",0.931104499682631,0.883146669393494,0.932944606413994,0.870748299319728,0
"two_large",11,FALSE,FALSE,"",0.947342821412628,0.876787283425381,0.932944606413994,0.870748299319728,0
"two_large",12,FALSE,FALSE,"",0.928097702230529,0.83814489495231,0.932944606413994,0.870748299319728,0
"two_large",13,FALSE,TRUE,"",0.927633990588554,0.888970572039425,0.932944606413994,0.870748299319728,0
"two_large",14,FALSE,FALSE,"",0.921495108392654,0.887105365492458,0.932944606413994,0.870748299319728,0
"two_large",15,FALSE,FALSE,"",0.932331805083598,0.881938045494432,0.932944606413994,0.870748299319728,0
"two_large",16,FALSE,FALSE,"",0.939801821778043,0.858109927106788,0.932944606413994,0.870748299319728,0
"two_large",17,FALSE,FALSE,"",0.94759492286343,0.905425597033524,0.932944606413994,0.870748299319728,0
"two_large",18,FALSE,FALSE,"",0.939381747467808,0.849331831718813,0.932944606413994,0.870748299319728,0
"two_large",19,FALSE,FALSE,"",0.93868089217585,0.884643482566273,0.932944606413994,0.870748299319728,0
"two_large",20,FALSE,FALSE,"",0.93876193072108,0.884992348182891,0.932944606413994,0.870748299319728,0
"two_large",21,FALSE,FALSE,"",0.944552343013335,0.868371859204653,0.932944606413994,0.870748299319728,0
"two_large",22,FALSE,FALSE,"",0.941261095590893,0.878657553085682,0.932944606413994,0.870748299319728,0
"two_large",23,FALSE,FALSE,"",0.919997984263224,0.870730215798472,0.932944606413994,0.870748299319728,0
"two_large",24,FALSE,FALSE,"",0.947409215874533,0.896459603494953,0.932944606413994,0.870748299319728,0
"two_large",25,FALSE,FALSE,"",0.91831216882996,0.862769002867337,0.932944606413994,0.870748299319728,0
"two_large",26,FALSE,FALSE,"",0.931298858125452,0.898403519975774,0.932944606413994,0.870748299319728,0
"two_large",27,FALSE,FALSE,"",0.920138058043925,0.891384693012814,0.932944606413994,0.870748299319728,0
"two_large",28,FALSE,FALSE,"",0.926407458329601,0.881960677533591,0.932944606413994,0.870748299319728,0
"two_large",29,FALSE,FALSE,"",0.929509464819964,0.904592743672873,0.932944606413994,0.870748299319728,0
"two_large",30,FALSE,FALSE,"",0.894748511757589,0.825590795058477,0.932944606413994,0.870748299319728,0
"two_large",31,FALSE,FALSE,"",0.938702036552967,0.89837567477356,0.932944606413994,0.870748299319728,0
"two_large",32,FALSE,FALSE,"",0.938360640878777,0.787237004097681,0.932944606413994,0.870748299319728,1.11022302462516e-16
"two_large",33,FALSE,FALSE,"",0.945833838386022,0.929294902983682,0.932944606413994,0.870748299319728,2.22044604925031e-16
"two_large",34,FALSE,FALSE,"",0.917382445244372,0.887170479160425,0.932944606413994,0.870748299319728,0
"two_large",35,FALSE,FALSE,"",0.941349681039798,0.926589497346513,0.932944606413994,0.870748299319728,0
"two_large",36,FALSE,FALSE,"",0.909430170309434,0.859000802616889,0.932944606413994,0.870748299319728,0
"two_large",37,FALSE,FALSE,"",0.940009102890861,0.887880445962201,0.932944606413994,0.870748299319728,0
"two_large",38,FALSE,FALSE,"",0.924684664911346,0.884986526915257,0.932944606413994,0.870748299319728,0
"two_large",39,FALSE,FALSE,"",0.94849918677473,0.884812640348746,0.932944606413994,0.870748299319728,0
"two_large",40,FALSE,FALSE,"",0.933305506519982,0.840217311696,0.932944606413994,0.870748299319728,0
"two_large",41,FALSE,FALSE,"",0.929379113301599,0.898987981235177,0.932944606413994,0.870748299319728,0
"two_large",42,FALSE,FALSE,"",0.91297484770378,0.843327878552623,0.932944606413994,0.870748299319728,1.11022302462516e-16
"two_large",43,FALSE,FALSE,"",0.940275510418082,0.915387114782379,0.932944606413994,0.870748299319728,0
"two_large",44,FALSE,FALSE,"",0.944891485960112,0.912596359390746,0.932944606413994,0.870748299319728,0
"two_large",45,FALSE,FALSE,"",0.932078987739528,0.844028512505542,0.932944606413994,0.870748299319728,0
"two_large",46,FALSE,FALSE,"",0.933358468808824,0.846323796783238,0.932944606413994,0.870748299319728,0
"two_large",47,FALSE,FALSE,"",0.897839877483169,0.761840214380101,0.932944606413994,0.870748299319728,0
"two_large",48,FALSE,FALSE,"",0.93882489843871,0.867441419816027,0.932944606413994,0.870748299319728,0
"two_large",49,FALSE,FALSE,"",0.946656201082755,0.887796684735984,0.932944606413994,0.870748299319728,0
"two_large",50,FALSE,FALSE,"",0.932869860258308,0.889535386307923,0.932944606413994,0.870748299319728,0
"two_large",51,FALSE,FALSE,"",0.933149277367258,0.903926454814623,0.932944606413994,0.870748299319728,2.22044604925031e-16
"two_large",52,FALSE,FALSE,"",0.932337854420628,0.80182003413977,0.932944606413994,0.870748299319728,0
"two_large",53,FALSE,FALSE,"",0.907538615855113,0.867083115290984,0.932944606413994,0.870748299319728,0
"two_large",54,FALSE,FALSE,"Model failed to converge with max|grad| = 0.00249205 (tol = 0.002, component 1)
  See ?lme4::convergence and ?lme4::troubleshooting.",0.92947014103009,0.886231124967115,0.932944606413994,0.870748299319728,0
"two_large",55,FALSE,FALSE,"",0.950277909902606,0.852452924638563,0.932944606413994,0.870748299319728,0
"two_large",56,FALSE,FALSE,"",0.930604264481859,0.83485019536345,0.932944606413994,0.870748299319728,0
"two_large",57,FALSE,FALSE,"",0.94605738429867,0.901021285665836,0.932944606413994,0.870748299319728,0
"two_large",58,FALSE,FALSE,"",0.941020841278941,0.869791279036262,0.932944606413994,0.870748299319728,0
"two_large",59,FALSE,FALSE,"",0.939539002286071,0.909191399139375,0.932944606413994,0.870748299319728,0
"two_large",60,FALSE,FALSE,"",0.94359214773473,0.907331830577484,0.932944606413994,0.870748299319728,0
"two_large",61,FALSE,FALSE,"",0.938563899393653,0.856723025453163,0.932944606413994,0.870748299319728,0
"two_large",62,FALSE,FALSE,"",0.949644521163834,0.917262268290117,0.932944606413994,0.870748299319728,0
"two_large",63,FALSE,FALSE,"",0.913005626406794,0.852891471508366,0.932944606413994,0.870748299319728,1.11022302462516e-16
"two_large",64,FALSE,FALSE,"",0.933899355686176,0.90927799770602,0.932944606413994,0.870748299319728,0
"two_large",65,FALSE,FALSE,"",0.926539021971027,0.882577395383029,0.932944606413994,0.870748299319728,0
"two_large",66,FALSE,FALSE,"",0.92954984598975,0.895135114757702,0.932944606413994,0.870748299319728,0
"two_large",67,FALSE,FALSE,"",0.933607122514735,0.892569297583115,0.932944606413994,0.870748299319728,0
"two_large",68,FALSE,FALSE,"",0.927436346592661,0.883865076770767,0.932944606413994,0.870748299319728,0
"two_large",69,FALSE,FALSE,"",0.916730019413443,0.850650071121625,0.932944606413994,0.870748299319728,0
"two_large",70,FALSE,FALSE,"",0.926925016294388,0.841442326371322,0.932944606413994,0.870748299319728,0
"two_large",71,FALSE,FALSE,"",0.937844273273566,0.890322724870161,0.932944606413994,0.870748299319728,0
"two_large",72,FALSE,FALSE,"",0.949517997233891,0.917087884469322,0.932944606413994,0.870748299319728,0
"two_large",73,FALSE,FALSE,"",0.907854554809499,0.843358952177115,0.932944606413994,0.870748299319728,0
"two_large",74,FALSE,FALSE,"",0.901991954410488,0.836659448032169,0.932944606413994,0.870748299319728,0
"two_large",75,FALSE,FALSE,"",0.936121975807372,0.863928385980372,0.932944606413994,0.870748299319728,0
"two_large",76,FALSE,FALSE,"",0.91560517573621,0.844540008868978,0.932944606413994,0.870748299319728,0
"two_large",77,FALSE,FALSE,"",0.917301355981408,0.850504815640318,0.932944606413994,0.870748299319728,0
"two_large",78,FALSE,FALSE,"",0.948296143728823,0.833538634895081,0.932944606413994,0.870748299319728,0
"two_large",79,FALSE,FALSE,"",0.937351444307936,0.861439816143885,0.932944606413994,0.870748299319728,0
"two_large",80,FALSE,FALSE,"",0.926683720880678,0.882065971351632,0.932944606413994,0.870748299319728,0
"two_large",81,FALSE,FALSE,"",0.938417648962419,0.901206114648251,0.932944606413994,0.870748299319728,0
"two_large",82,FALSE,FALSE,"",0.927269212904765,0.885313778405503,0.932944606413994,0.870748299319728,0
"two_large",83,FALSE,FALSE,"Model failed to converge with max|grad| = 0.00497414 (tol = 0.002, component 1)
  See ?lme4::convergence and ?lme4::troubleshooting.",0.940051723626636,0.850431799851279,0.932944606413994,0.870748299319728,0
"two_large",84,FALSE,FALSE,"",0.947971526944203,0.880519119087333,0.932944606413994,0.870748299319728,0
"two_large",85,FALSE,FALSE,"",0.921001152943407,0.773126767462732,0.932944606413994,0.870748299319728,0
"two_large",86,FALSE,FALSE,"",0.909899292221302,0.807872727274513,0.932944606413994,0.870748299319728,0
"two_large",87,FALSE,FALSE,"",0.941371956069292,0.913238387071518,0.932944606413994,0.870748299319728,0
"two_large",88,FALSE,FALSE,"",0.93657087278318,0.905230866246531,0.932944606413994,0.870748299319728,0
"two_large",89,FALSE,FALSE,"",0.929418890065268,0.877044669162081,0.932944606413994,0.870748299319728,0
"two_large",90,FALSE,FALSE,"",0.942965890820862,0.899479006879129,0.932944606413994,0.870748299319728,0
"two_large",91,FALSE,FALSE,"",0.928635857295695,0.903995473765017,0.932944606413994,0.870748299319728,0
"two_large",92,FALSE,FALSE,"",0.922307192155871,0.884823721292346,0.932944606413994,0.870748299319728,0
"two_large",93,FALSE,FALSE,"",0.926676281358665,0.888576123356636,0.932944606413994,0.870748299319728,0
"two_large",94,FALSE,FALSE,"",0.936834645265505,0.915829109710444,0.932944606413994,0.870748299319728,0
"two_large",95,FALSE,FALSE,"",0.925226681875247,0.897117048283147,0.932944606413994,0.870748299319728,0
"two_large",96,FALSE,FALSE,"",0.930629148929843,0.902652433820036,0.932944606413994,0.870748299319728,1.11022302462516e-16
"two_large",97,FALSE,FALSE,"",0.944851233159404,0.938997604400339,0.932944606413994,0.870748299319728,0
"two_large",98,FALSE,FALSE,"",0.928868772044233,0.893758801310488,0.932944606413994,0.870748299319728,0
"two_large",99,FALSE,FALSE,"",0.918034838308505,0.864482472037401,0.932944606413994,0.870748299319728,0
"two_large",100,FALSE,FALSE,"",0.922032925758956,0.89410445321396,0.932944606413994,0.870748299319728,0
